date,retail_and_recreation_percent_change_from_baseline,grocery_and_pharmacy_percent_change_from_baseline,parks_percent_change_from_baseline,transit_stations_percent_change_from_baseline,workplaces_percent_change_from_baseline,residential_percent_change_from_baseline,new_cases,new_deaths,reproduction_rate,new_tests,positive_rate,tests_per_case,stringency_index
2020-02-15,8.0,5.0,7.0,12.0,5.0,-2.0,0.0,0.0,0.0,0.0,0.0,0.0,0.0
2020-02-16,1.0,-1.0,-2.0,5.0,6.0,-1.0,0.0,0.0,0.0,0.0,0.0,0.0,0.0
2020-02-17,1.0,0.0,8.0,5.0,7.0,0.0,0.0,0.0,0.0,0.0,0.0,0.0,0.0
2020-02-18,0.0,-2.0,9.0,0.0,4.0,0.0,0.0,0.0,0.0,0.0,0.0,0.0,0.0
2020-02-19,-4.0,-8.0,7.0,1.0,2.0,1.0,0.0,0.0,0.0,0.0,0.0,0.0,0.0
2020-02-20,-3.0,-5.0,5.0,2.0,3.0,1.0,0.0,0.0,0.0,0.0,0.0,0.0,0.0
2020-02-21,1.0,-2.0,3.0,9.0,3.0,0.0,0.0,0.0,0.0,0.0,0.0,0.0,0.0
2020-02-22,4.0,3.0,11.0,16.0,3.0,-2.0,0.0,0.0,0.0,0.0,0.0,0.0,0.0
2020-02-23,0.0,-2.0,2.0,5.0,0.0,-1.0,0.0,0.0,0.0,0.0,0.0,0.0,0.0
2020-02-24,-4.0,-5.0,6.0,3.0,4.0,1.0,0.0,0.0,0.0,0.0,0.0,0.0,0.0
2020-02-25,-2.0,-3.0,8.0,1.0,3.0,0.0,0.0,0.0,0.0,0.0,0.0,0.0,0.0
2020-02-26,3.0,-1.0,2.0,7.0,2.0,-2.0,0.0,0.0,0.0,0.0,0.0,0.0,0.0
2020-02-27,-1.0,-1.0,0.0,9.0,2.0,-1.0,0.0,0.0,0.0,0.0,0.0,0.0,0.0
2020-02-28,3.0,-3.0,10.0,9.0,-1.0,1.0,0.0,0.0,0.0,0.0,0.0,0.0,0.0
2020-02-29,-3.0,-5.0,7.0,3.0,-10.0,1.0,0.0,0.0,0.0,0.0,0.0,0.0,0.0
2020-03-01,-4.0,-1.0,-5.0,14.0,-1.0,-1.0,0.0,0.0,0.0,0.0,0.0,0.0,0.0
2020-03-02,-4.0,-1.0,2.0,5.0,3.0,1.0,0.0,0.0,0.0,0.0,0.0,0.0,0.0
2020-03-03,-2.0,0.0,2.0,4.0,3.0,1.0,0.0,0.0,0.0,0.0,0.0,0.0,0.0
2020-03-04,5.0,3.0,2.0,9.0,3.0,-1.0,0.0,0.0,0.0,0.0,0.0,0.0,0.0
2020-03-05,-1.0,-2.0,1.0,8.0,2.0,0.0,0.0,0.0,0.0,0.0,0.0,0.0,0.0
2020-03-06,4.0,4.0,3.0,12.0,1.0,-1.0,0.0,0.0,0.0,0.0,0.0,0.0,0.0
2020-03-07,12.0,10.0,15.0,23.0,5.0,-3.0,0.0,0.0,0.0,0.0,0.0,0.0,0.0
2020-03-08,8.0,4.0,4.0,17.0,1.0,-1.0,0.0,0.0,0.0,0.0,0.0,0.0,0.0
2020-03-09,2.0,1.0,9.0,7.0,5.0,1.0,0.0,0.0,0.0,0.0,0.0,0.0,0.0
2020-03-10,2.0,-2.0,8.0,4.0,5.0,0.0,0.0,0.0,0.0,0.0,0.0,0.0,0.0
2020-03-11,3.0,-1.0,4.0,7.0,3.0,-2.0,0.0,0.0,0.0,0.0,0.0,0.0,0.0
2020-03-12,-1.0,-4.0,0.0,9.0,4.0,1.0,0.0,0.0,0.0,0.0,0.0,0.0,0.0
2020-03-13,0.0,-2.0,6.0,6.0,4.0,0.0,0.0,0.0,0.0,0.0,0.0,0.0,0.0
2020-03-14,5.0,10.0,7.0,17.0,11.0,-1.0,1.0,0.0,0.0,0.0,0.0,0.0,30.09
2020-03-15,-13.0,-1.0,-7.0,-8.0,1.0,6.0,0.0,0.0,0.0,0.0,0.0,0.0,30.09
2020-03-16,-11.0,0.0,9.0,-2.0,-14.0,7.0,4.0,0.0,0.0,0.0,0.0,0.0,41.2
2020-03-17,-19.0,-12.0,4.0,-13.0,-21.0,9.0,2.0,0.0,0.0,0.0,0.0,0.0,41.2
2020-03-18,-19.0,-14.0,-2.0,-15.0,-24.0,8.0,1.0,0.0,0.0,0.0,0.0,0.0,41.2
2020-03-19,-23.0,-14.0,-1.0,-13.0,-24.0,10.0,0.0,0.0,0.0,0.0,0.0,0.0,41.2
2020-03-20,-25.0,-18.0,1.0,-22.0,-24.0,10.0,9.0,0.0,0.0,0.0,0.0,0.0,42.59
2020-03-21,-25.0,-13.0,-3.0,-27.0,-8.0,8.0,0.0,0.0,0.0,0.0,0.0,0.0,90.74
2020-03-22,-46.0,-31.0,-15.0,-60.0,-24.0,16.0,2.0,0.0,0.0,0.0,0.0,0.0,90.74
2020-03-23,-52.0,-45.0,-1.0,-68.0,-58.0,26.0,17.0,0.0,0.0,0.0,0.0,0.0,90.74
2020-03-24,-58.0,-56.0,-4.0,-71.0,-63.0,29.0,4.0,0.0,0.0,0.0,0.0,0.0,90.74
2020-03-25,-57.0,-57.0,-12.0,-72.0,-64.0,28.0,1.0,0.0,0.0,0.0,0.0,0.0,90.74
2020-03-26,-60.0,-58.0,-16.0,-73.0,-63.0,29.0,9.0,0.0,0.0,0.0,0.0,0.0,90.74
2020-03-27,-62.0,-61.0,-11.0,-76.0,-62.0,34.0,4.0,0.0,0.0,0.0,0.0,0.0,90.74
2020-03-28,-58.0,-55.0,-12.0,-73.0,-43.0,22.0,6.0,0.0,0.0,0.0,0.0,0.0,90.74
2020-03-29,-56.0,-57.0,-18.0,-75.0,-31.0,22.0,10.0,0.0,0.0,0.0,0.0,0.0,90.74
2020-03-30,-57.0,-53.0,-7.0,-75.0,-61.0,29.0,0.0,0.0,0.0,0.0,0.0,0.0,90.74
2020-03-31,-58.0,-57.0,-6.0,-73.0,-61.0,29.0,5.0,0.0,0.0,0.0,0.0,0.0,90.74
2020-04-01,-60.0,-56.0,-7.0,-71.0,-60.0,27.0,7.0,0.0,0.0,0.0,0.0,0.0,90.74
2020-04-02,-60.0,-55.0,-14.0,-71.0,-60.0,29.0,2.0,0.0,0.0,0.0,0.0,0.0,90.74
2020-04-03,-62.0,-58.0,-11.0,-75.0,-59.0,32.0,5.0,0.0,0.0,0.0,0.0,0.0,90.74
2020-04-04,-58.0,-54.0,-13.0,-72.0,-37.0,22.0,13.0,0.0,0.0,0.0,0.0,0.0,90.74
2020-04-05,-60.0,-54.0,-18.0,-75.0,-26.0,21.0,2.0,0.0,0.38,0.0,0.0,0.0,90.74
2020-04-06,-58.0,-54.0,-2.0,-73.0,-58.0,30.0,1.0,0.0,0.36,0.0,0.0,0.0,90.74
2020-04-07,-71.0,-76.0,-9.0,-80.0,-73.0,36.0,0.0,0.0,0.37,0.0,0.0,0.0,90.74
2020-04-08,-59.0,-54.0,-11.0,-73.0,-59.0,28.0,5.0,0.0,0.41,772.0,0.0,0.0,90.74
2020-04-09,-63.0,-60.0,-14.0,-73.0,-60.0,32.0,0.0,0.0,0.45,720.0,0.0,0.0,90.74
2020-04-10,-67.0,-64.0,-13.0,-77.0,-65.0,38.0,8.0,0.0,0.5,1036.0,0.0,0.0,90.74
2020-04-11,-62.0,-56.0,-14.0,-72.0,-37.0,25.0,2.0,0.0,0.51,842.0,0.0,0.0,90.74
2020-04-12,-62.0,-59.0,-21.0,-77.0,-27.0,24.0,6.0,0.0,0.53,1160.0,0.0,0.0,90.74
2020-04-13,-67.0,-69.0,-12.0,-78.0,-68.0,37.0,1.0,0.0,0.53,901.0,0.0,0.0,90.74
2020-04-14,-61.0,-58.0,-16.0,-74.0,-58.0,31.0,7.0,0.0,0.57,983.0,0.0045,221.1,90.74
2020-04-15,-59.0,-56.0,-20.0,-73.0,-57.0,29.0,2.0,0.0,0.57,923.0,0.004,252.6,90.74
2020-04-16,-61.0,-59.0,-15.0,-74.0,-58.0,30.0,2.0,0.0,0.59,664.0,0.0043,232.5,90.74
2020-04-17,-64.0,-62.0,-17.0,-76.0,-58.0,32.0,5.0,0.0,0.61,760.0,0.004,249.2,90.74
2020-04-18,-63.0,-61.0,-25.0,-73.0,-37.0,25.0,1.0,0.0,0.6,712.0,0.0039,254.3,90.74
2020-04-19,-61.0,-60.0,-28.0,-76.0,-25.0,24.0,3.0,0.0,0.61,722.0,0.0037,269.7,90.74
2020-04-20,-61.0,-58.0,-19.0,-72.0,-58.0,32.0,0.0,0.0,0.63,1299.0,0.0033,303.1,90.74
2020-04-21,-62.0,-60.0,-15.0,-73.0,-57.0,30.0,3.0,0.0,0.7,1449.0,0.0025,408.1,90.74
2020-04-22,-64.0,-62.0,-20.0,-72.0,-59.0,30.0,3.0,0.0,0.77,1038.0,0.0026,390.7,90.74
2020-04-23,-65.0,-62.0,-22.0,-73.0,-58.0,32.0,1.0,0.0,0.84,1343.0,0.0022,457.6,90.74
2020-04-24,-65.0,-61.0,-13.0,-74.0,-56.0,34.0,22.0,0.0,0.93,1046.0,0.0043,230.6,90.74
2020-04-25,-64.0,-60.0,-18.0,-72.0,-35.0,25.0,7.0,0.0,1.02,1275.0,0.0048,209.5,90.74
2020-04-26,-63.0,-60.0,-24.0,-75.0,-22.0,24.0,8.0,0.0,1.1,1025.0,0.0052,192.7,90.74
2020-04-27,-64.0,-61.0,-15.0,-73.0,-56.0,32.0,16.0,0.0,1.17,1214.0,0.0071,139.9,90.74
2020-04-28,-61.0,-58.0,-10.0,-71.0,-56.0,28.0,5.0,0.0,1.14,1505.0,0.0073,136.3,90.74
2020-04-29,-63.0,-60.0,-20.0,-71.0,-57.0,30.0,13.0,0.0,1.15,1705.0,0.0079,126.6,90.74
2020-04-30,-62.0,-58.0,-17.0,-69.0,-55.0,30.0,18.0,0.0,1.12,1140.0,0.01,100.1,90.74
2020-05-01,-65.0,-63.0,-18.0,-74.0,-61.0,33.0,6.0,0.0,0.98,1365.0,0.0079,126.4,90.74
2020-05-02,-64.0,-59.0,-22.0,-71.0,-32.0,25.0,6.0,0.0,0.86,1197.0,0.0079,127.1,90.74
2020-05-03,-62.0,-56.0,-23.0,-75.0,-19.0,23.0,4.0,0.0,0.76,1047.0,0.0074,134.9,90.74
2020-05-04,-35.0,-21.0,-6.0,-43.0,-36.0,18.0,2.0,0.0,0.69,746.0,0.0062,161.3,73.15
2020-05-05,-36.0,-25.0,-3.0,-40.0,-35.0,16.0,0.0,0.0,0.66,896.0,0.0061,165.3,73.15
2020-05-06,-33.0,-23.0,-10.0,-39.0,-35.0,16.0,7.0,0.0,0.68,1323.0,0.0056,179.4,73.15
2020-05-07,-36.0,-27.0,-15.0,-35.0,-34.0,17.0,3.0,0.0,0.68,1519.0,0.0035,289.0,73.15
2020-05-08,-37.0,-28.0,-12.0,-42.0,-32.0,18.0,2.0,0.0,0.68,1353.0,0.003,336.5,73.15
2020-05-09,-34.0,-22.0,-11.0,-40.0,-10.0,12.0,7.0,0.0,0.68,1198.0,0.0031,323.4,73.15
2020-05-10,-42.0,-29.0,-17.0,-51.0,-9.0,14.0,4.0,0.0,0.63,1040.0,0.0031,323.2,73.15
2020-05-11,-33.0,-23.0,-10.0,-37.0,-30.0,16.0,1.0,0.0,0.59,380.0,0.0031,321.1,73.15
2020-05-12,-34.0,-24.0,-10.0,-37.0,-31.0,17.0,1.0,0.0,0.59,574.0,0.0034,295.4,73.15
2020-05-13,-32.0,-24.0,-8.0,-35.0,-30.0,13.0,1.0,0.0,0.62,866.0,0.0027,364.8,73.15
2020-05-14,-34.0,-27.0,-8.0,-34.0,-29.0,13.0,0.0,0.0,0.68,895.0,0.0025,394.1,73.15
2020-05-15,-36.0,-28.0,-5.0,-40.0,-29.0,16.0,0.0,0.0,0.78,1058.0,0.0023,429.5,73.15
2020-05-16,-33.0,-21.0,-10.0,-37.0,-7.0,10.0,2.0,0.0,0.92,2041.0,0.0013,761.3,73.15
2020-05-17,-39.0,-32.0,-20.0,-49.0,-12.0,14.0,3.0,0.0,1.08,1135.0,0.0012,868.8,73.15
2020-05-18,-30.0,-22.0,-6.0,-36.0,-27.0,14.0,5.0,0.0,1.24,1744.0,0.0014,693.1,73.15
2020-05-19,-30.0,-23.0,-8.0,-34.0,-27.0,13.0,11.0,0.0,1.37,1217.0,0.0025,406.9,73.15
2020-05-20,-30.0,-23.0,-4.0,-33.0,-27.0,13.0,6.0,0.0,1.32,982.0,0.003,336.0,73.15
2020-05-21,-33.0,-23.0,-8.0,-31.0,-28.0,15.0,6.0,0.0,1.27,1083.0,0.0036,280.7,73.15
2020-05-22,-35.0,-24.0,-12.0,-39.0,-26.0,16.0,1.0,0.0,1.19,1568.0,0.0035,287.4,73.15
2020-05-23,-31.0,-17.0,-10.0,-35.0,-5.0,11.0,4.0,0.0,1.17,1109.0,0.0041,245.6,73.15
2020-05-24,-37.0,-27.0,-15.0,-48.0,-8.0,13.0,2.0,0.0,1.18,1400.0,0.0038,260.0,73.15
2020-05-25,-36.0,-24.0,-5.0,-39.0,-48.0,20.0,9.0,0.0,1.24,892.0,0.0047,211.6,73.15
2020-05-26,-31.0,-22.0,-7.0,-34.0,-24.0,13.0,3.0,0.0,1.23,1074.0,0.0038,261.5,73.15
2020-05-27,-31.0,-20.0,-4.0,-33.0,-25.0,13.0,7.0,0.0,1.27,2059.0,0.0035,287.0,73.15
2020-05-28,-32.0,-21.0,-6.0,-29.0,-24.0,13.0,3.0,0.0,1.28,1766.0,0.0029,340.3,73.15
2020-05-29,-33.0,-21.0,-8.0,-36.0,-23.0,14.0,6.0,0.0,1.33,1340.0,0.0035,283.5,73.15
2020-05-30,-29.0,-18.0,-12.0,-32.0,-4.0,9.0,4.0,1.0,1.36,1368.0,0.0034,291.1,73.15
2020-05-31,-35.0,-24.0,-16.0,-42.0,-2.0,11.0,11.0,0.0,1.43,1092.0,0.0045,223.0,73.15
2020-06-01,-28.0,-14.0,-4.0,-27.0,-23.0,12.0,7.0,0.0,1.43,1083.0,0.0042,238.5,73.15
2020-06-02,-29.0,-17.0,1.0,-28.0,-23.0,12.0,7.0,1.0,1.47,957.0,0.0047,214.8,75.93
2020-06-03,-25.0,-16.0,-3.0,-24.0,-23.0,11.0,13.0,0.0,1.53,1033.0,0.0059,169.4,75.93
2020-06-04,-28.0,-18.0,-8.0,-19.0,-22.0,11.0,13.0,0.0,1.54,1369.0,0.0074,135.1,75.93
2020-06-05,-29.0,-19.0,-5.0,-25.0,-23.0,12.0,10.0,0.0,1.5,1558.0,0.0077,130.2,75.93
2020-06-06,-27.0,-13.0,-4.0,-19.0,-4.0,8.0,11.0,0.0,1.45,945.0,0.009,111.6,75.93
2020-06-07,-32.0,-22.0,-12.0,-32.0,-7.0,11.0,8.0,0.0,1.43,1318.0,0.0084,119.7,75.93
2020-06-08,-26.0,-15.0,-4.0,-19.0,-23.0,11.0,12.0,0.0,1.44,1928.0,0.0081,123.1,75.93
2020-06-09,-26.0,-17.0,-2.0,-23.0,-22.0,12.0,12.0,0.0,1.49,1870.0,0.0079,126.9,75.93
2020-06-10,-25.0,-17.0,-4.0,-22.0,-23.0,11.0,13.0,0.0,1.55,2110.0,0.0071,140.4,75.93
2020-06-11,-26.0,-21.0,-6.0,-21.0,-23.0,13.0,18.0,0.0,1.61,1790.0,0.0073,137.2,75.93
2020-06-12,-28.0,-18.0,0.0,-26.0,-21.0,12.0,16.0,0.0,1.64,1584.0,0.0078,128.3,75.93
2020-06-13,-25.0,-15.0,-5.0,-21.0,-2.0,9.0,31.0,0.0,1.67,2043.0,0.0087,114.9,75.93
2020-06-14,-30.0,-20.0,-9.0,-31.0,-4.0,11.0,41.0,0.0,1.63,3495.0,0.0096,103.6,75.93
2020-06-15,-25.0,-12.0,0.0,-19.0,-20.0,11.0,30.0,0.0,1.51,2908.0,0.0102,98.1,75.93
2020-06-16,-24.0,-15.0,0.0,-22.0,-22.0,11.0,24.0,0.0,1.4,2742.0,0.0104,96.4,67.59
2020-06-17,-21.0,-16.0,-2.0,-22.0,-22.0,11.0,3.0,0.0,1.31,2508.0,0.0095,104.7,67.59
2020-06-18,-27.0,-20.0,-7.0,-23.0,-22.0,12.0,7.0,0.0,1.3,2547.0,0.0085,117.3,67.59
2020-06-19,-26.0,-20.0,-2.0,-26.0,-21.0,13.0,15.0,0.0,1.34,3033.0,0.0078,127.7,67.59
2020-06-20,-23.0,-15.0,-4.0,-21.0,-2.0,8.0,41.0,0.0,1.4,3116.0,0.0079,126.4,67.59
2020-06-21,-29.0,-23.0,-8.0,-30.0,-6.0,12.0,26.0,0.0,1.39,3252.0,0.0073,137.7,67.59
2020-06-22,-23.0,-14.0,1.0,-21.0,-23.0,11.0,59.0,0.0,1.37,2287.0,0.009,111.4,67.59
2020-06-23,-24.0,-15.0,-1.0,-20.0,-24.0,11.0,11.0,0.0,1.29,4568.0,0.0076,131.5,67.59
2020-06-24,-21.0,-15.0,-6.0,-21.0,-23.0,11.0,32.0,0.0,1.26,3415.0,0.0086,116.3,77.78
2020-06-25,-21.0,-16.0,-8.0,-18.0,-23.0,12.0,20.0,0.0,1.22,4757.0,0.0084,119.8,77.78
2020-06-26,-16.0,-21.0,-4.0,-24.0,-22.0,12.0,8.0,0.0,1.19,3763.0,0.0078,127.7,77.78
2020-06-27,-14.0,-14.0,-4.0,-20.0,-5.0,8.0,20.0,0.0,1.22,4702.0,0.0066,152.0,77.78
2020-06-28,-26.0,-21.0,-10.0,-33.0,-7.0,10.0,22.0,0.0,1.28,3002.0,0.0065,154.0,77.78
2020-06-29,-13.0,-16.0,-5.0,-19.0,-20.0,10.0,101.0,0.0,1.36,2498.0,0.008,124.8,77.78
2020-06-30,-11.0,-11.0,-2.0,-19.0,-22.0,9.0,24.0,0.0,1.23,3694.0,0.0088,113.8,77.78
2020-07-01,-17.0,-20.0,-1.0,-22.0,-47.0,16.0,17.0,1.0,1.13,3961.0,0.008,124.4,77.78
2020-07-02,-12.0,-14.0,-6.0,-15.0,-23.0,10.0,21.0,0.0,1.06,3737.0,0.0084,119.0,77.78
2020-07-03,-12.0,-13.0,-3.0,-18.0,-23.0,12.0,18.0,0.0,1.01,2216.0,0.0094,106.8,77.78
2020-07-04,-20.0,-15.0,0.0,-17.0,-15.0,9.0,11.0,0.0,0.97,3414.0,0.0095,105.2,77.78
2020-07-05,-24.0,-16.0,-4.0,-27.0,-11.0,9.0,13.0,0.0,0.98,3279.0,0.009,111.2,77.78
2020-07-06,-15.0,-18.0,3.0,-16.0,-48.0,16.0,8.0,0.0,1.03,2834.0,0.0048,206.6,77.78
2020-07-07,-10.0,-13.0,4.0,-12.0,-24.0,9.0,59.0,0.0,1.17,2871.0,0.0066,151.8,77.78
2020-07-08,-12.0,-16.0,1.0,-18.0,-23.0,10.0,22.0,0.0,1.17,2644.0,0.0072,138.1,74.07
2020-07-09,-14.0,-17.0,-2.0,-15.0,-23.0,12.0,16.0,0.0,1.19,3463.0,0.0071,141.0,74.07
2020-07-10,-15.0,-17.0,-5.0,-22.0,-22.0,13.0,42.0,0.0,1.24,3898.0,0.0076,131.0,74.07
2020-07-11,-13.0,-10.0,3.0,-16.0,-4.0,8.0,47.0,1.0,1.23,4060.0,0.009,111.4,74.07
2020-07-12,-22.0,-17.0,-5.0,-28.0,-8.0,11.0,38.0,0.0,1.2,3021.0,0.0102,98.2,74.07
2020-07-13,-9.0,-14.0,4.0,-17.0,-23.0,11.0,41.0,0.0,1.16,3333.0,0.0114,87.9,74.07
2020-07-14,-12.0,-15.0,0.0,-18.0,-23.0,10.0,38.0,0.0,1.14,5705.0,0.0093,107.1,74.07
2020-07-15,-11.0,-15.0,2.0,-16.0,-23.0,10.0,19.0,0.0,1.12,2423.0,0.0093,107.5,74.07
2020-07-16,-15.0,-16.0,-4.0,-13.0,-24.0,12.0,38.0,0.0,1.12,5556.0,0.0094,106.4,74.07
2020-07-17,-13.0,-15.0,2.0,-16.0,-22.0,11.0,12.0,0.0,1.1,3432.0,0.0085,118.2,74.07
2020-07-18,-12.0,-10.0,1.0,-14.0,-4.0,8.0,54.0,1.0,1.13,3232.0,0.009,111.3,74.07
2020-07-19,-22.0,-19.0,-8.0,-28.0,-8.0,10.0,43.0,0.0,1.1,3214.0,0.0091,109.8,74.07
2020-07-20,-9.0,-12.0,1.0,-16.0,-22.0,12.0,47.0,0.0,1.07,3764.0,0.0092,108.9,74.07
2020-07-21,-13.0,-17.0,1.0,-20.0,-23.0,11.0,26.0,0.0,1.04,7039.0,0.0083,119.9,74.07
2020-07-22,-12.0,-17.0,2.0,-19.0,-23.0,11.0,34.0,0.0,1.04,4613.0,0.0082,121.5,74.07
2020-07-23,-14.0,-18.0,-3.0,-16.0,-23.0,12.0,21.0,0.0,1.03,5534.0,0.0077,130.1,74.07
2020-07-24,-15.0,-17.0,-1.0,-21.0,-22.0,13.0,19.0,0.0,1.03,2491.0,0.0082,122.5,74.07
2020-07-25,-12.0,-9.0,4.0,-15.0,-5.0,8.0,23.0,0.0,1.06,4330.0,0.0069,145.5,74.07
2020-07-26,-22.0,-18.0,-6.0,-28.0,-10.0,11.0,69.0,0.0,1.12,4122.0,0.0075,133.4,74.07
2020-07-27,-12.0,-13.0,2.0,-16.0,-22.0,12.0,58.0,0.0,1.1,6165.0,0.0073,137.2,74.07
2020-07-28,-12.0,-15.0,3.0,-17.0,-22.0,12.0,47.0,0.0,1.05,3521.0,0.0088,113.6,75.93
2020-07-29,-10.0,-14.0,-1.0,-18.0,-24.0,10.0,37.0,0.0,0.99,4144.0,0.009,110.6,75.93
2020-07-30,-13.0,-12.0,0.0,-8.0,-25.0,10.0,31.0,0.0,0.92,4066.0,0.0098,101.6,75.93
2020-07-31,-22.0,-20.0,2.0,-22.0,-47.0,18.0,28.0,0.0,0.84,3374.0,0.0099,101.4,75.93
2020-08-01,-16.0,-9.0,1.0,-11.0,-8.0,8.0,20.0,0.0,0.78,5862.0,0.0093,107.8,75.93
2020-08-02,-23.0,-17.0,-4.0,-24.0,-11.0,9.0,20.0,0.0,0.72,2633.0,0.0081,123.5,75.93
2020-08-03,-11.0,-10.0,2.0,-14.0,-23.0,11.0,30.0,0.0,0.7,3491.0,0.0079,127.2,75.93
2020-08-04,-14.0,-11.0,-1.0,-14.0,-24.0,10.0,7.0,0.0,0.67,3072.0,0.0065,154.0,75.93
2020-08-05,-13.0,-12.0,1.0,-11.0,-24.0,9.0,5.0,0.0,0.68,4598.0,0.0052,192.2,75.93
2020-08-06,-12.0,-12.0,2.0,-7.0,-24.0,10.0,7.0,0.0,0.72,3196.0,0.0045,224.2,75.93
2020-08-07,-21.0,-20.0,10.0,-18.0,-44.0,15.0,17.0,0.0,0.76,2902.0,0.0041,243.0,75.93
2020-08-08,-14.0,-8.0,11.0,-11.0,-6.0,7.0,6.0,1.0,0.82,4452.0,0.0038,264.6,75.93
2020-08-09,-21.0,-15.0,2.0,-21.0,-9.0,8.0,6.0,1.0,0.91,5175.0,0.0029,344.7,75.93
2020-08-10,-11.0,-8.0,8.0,-14.0,-22.0,9.0,12.0,0.0,1.06,5720.0,0.0021,485.2,75.93
2020-08-11,-15.0,-13.0,9.0,-17.0,-23.0,9.0,19.0,0.0,1.26,5153.0,0.0023,433.3,75.93
2020-08-12,-13.0,-14.0,5.0,-12.0,-25.0,8.0,18.0,1.0,1.46,4886.0,0.0027,370.4,75.93
2020-08-13,-14.0,-12.0,3.0,-9.0,-25.0,9.0,11.0,0.0,1.69,4756.0,0.0027,371.3,75.93
2020-08-14,-15.0,-14.0,7.0,-11.0,-23.0,10.0,93.0,0.0,1.97,4610.0,0.0047,210.6,75.93
2020-08-15,-13.0,-6.0,10.0,-5.0,-9.0,6.0,59.0,0.0,1.97,5569.0,0.0061,164.5,75.93
2020-08-16,-19.0,-16.0,5.0,-16.0,-11.0,8.0,101.0,0.0,1.95,4796.0,0.0088,113.4,75.93
2020-08-17,0.0,0.0,0.0,-9.0,-47.0,15.0,87.0,0.0,1.86,4018.0,0.0115,87.1,75.93
2020-08-18,0.0,0.0,0.0,-8.0,-22.0,8.0,37.0,2.0,1.76,4326.0,0.0123,81.2,75.93
2020-08-19,0.0,0.0,0.0,-8.0,-24.0,9.0,67.0,0.0,1.74,3306.0,0.0145,69.0,75.93
2020-08-20,0.0,-21.0,0.0,-9.0,-25.0,10.0,73.0,1.0,1.73,5463.0,0.0161,62.1,75.93
2020-08-21,0.0,-23.0,0.0,-15.0,-24.0,12.0,63.0,0.0,1.72,5700.0,0.0147,68.1,75.93
2020-08-22,0.0,0.0,0.0,-10.0,-6.0,8.0,109.0,0.0,1.77,4759.0,0.0166,60.3,75.93
2020-08-23,0.0,0.0,0.0,-23.0,-10.0,9.0,200.0,1.0,1.79,6402.0,0.0187,53.4,75.93
2020-08-24,0.0,0.0,0.0,-11.0,-23.0,11.0,217.0,2.0,1.71,3642.0,0.0228,43.9,75.93
2020-08-25,0.0,0.0,0.0,-14.0,-24.0,11.0,231.0,1.0,1.57,6128.0,0.0271,36.9,75.93
2020-08-26,0.0,0.0,0.0,-12.0,-23.0,9.0,88.0,0.0,1.38,5467.0,0.0261,38.3,78.7
2020-08-27,0.0,-25.0,0.0,-22.0,-25.0,14.0,47.0,0.0,1.23,4597.0,0.026,38.4,78.7
2020-08-28,0.0,-25.0,0.0,-26.0,-26.0,15.0,70.0,1.0,1.12,5159.0,0.0266,37.6,78.7
2020-08-29,0.0,0.0,0.0,-20.0,-9.0,11.0,101.0,0.0,1.06,6163.0,0.0254,39.4,78.7
2020-08-30,0.0,0.0,0.0,-35.0,-11.0,13.0,177.0,0.0,1.0,5544.0,0.0254,39.4,78.7
2020-08-31,0.0,0.0,0.0,-26.0,-25.0,16.0,43.0,0.0,0.89,4763.0,0.02,50.0,78.7
2020-09-01,0.0,0.0,0.0,-27.0,-26.0,15.0,79.0,0.0,0.83,5622.0,0.0162,61.7,78.7
2020-09-02,0.0,0.0,0.0,-24.0,-26.0,14.0,76.0,1.0,0.77,5792.0,0.0158,63.5,78.7
2020-09-03,0.0,-22.0,0.0,-26.0,-27.0,17.0,37.0,1.0,0.71,5079.0,0.0153,65.4,78.7
2020-09-04,0.0,-23.0,0.0,-29.0,-26.0,18.0,49.0,0.0,0.65,5792.0,0.0145,69.0,78.7
2020-09-05,0.0,0.0,0.0,-25.0,-7.0,12.0,45.0,0.0,0.61,4420.0,0.0137,73.1,78.7
2020-09-06,0.0,0.0,0.0,-37.0,-12.0,15.0,25.0,1.0,0.57,3481.0,0.0101,98.7,78.7
2020-09-07,0.0,0.0,0.0,-29.0,-28.0,18.0,35.0,0.0,0.56,4457.0,0.01,100.1,78.7
2020-09-08,0.0,0.0,0.0,-27.0,-25.0,16.0,30.0,1.0,0.55,3253.0,0.0092,108.7,78.7
2020-09-09,0.0,0.0,0.0,-22.0,-24.0,16.0,21.0,1.0,0.55,3805.0,0.008,125.2,78.7
2020-09-10,0.0,-20.0,0.0,-22.0,-25.0,18.0,19.0,1.0,0.57,2838.0,0.008,125.2,78.7
2020-09-11,3.0,-18.0,13.0,-24.0,-23.0,17.0,55.0,0.0,0.59,3027.0,0.0091,109.9,78.7
2020-09-12,8.0,-12.0,15.0,-21.0,-6.0,12.0,31.0,0.0,0.57,2901.0,0.0091,110.0,78.7
2020-09-13,-4.0,-25.0,9.0,-35.0,-14.0,15.0,26.0,0.0,0.54,2722.0,0.0094,106.0,78.7
2020-09-14,7.0,-15.0,20.0,-24.0,-19.0,17.0,11.0,0.0,0.53,1687.0,0.0095,104.8,78.7
2020-09-15,7.0,-15.0,20.0,-22.0,-20.0,16.0,22.0,0.0,0.54,1935.0,0.0098,102.2,78.7
2020-09-16,6.0,-17.0,17.0,-22.0,-21.0,16.0,10.0,0.0,0.54,1603.0,0.0104,96.1,78.7
2020-09-17,5.0,-20.0,10.0,-23.0,-22.0,17.0,19.0,1.0,0.57,2097.0,0.0109,91.8,78.7
2020-09-18,1.0,-22.0,11.0,-28.0,-20.0,18.0,18.0,2.0,0.59,1549.0,0.0095,105.8,78.7
2020-09-19,8.0,-11.0,16.0,-22.0,-4.0,14.0,18.0,1.0,0.61,2272.0,0.0089,111.8,78.7
2020-09-20,-5.0,-24.0,5.0,-34.0,-12.0,16.0,22.0,0.0,0.62,1892.0,0.0092,108.6,78.7
2020-09-21,6.0,-18.0,21.0,-27.0,-21.0,17.0,11.0,1.0,0.63,1448.0,0.0094,106.6,78.7
2020-09-22,-1.0,-18.0,19.0,-29.0,-23.0,18.0,16.0,0.0,0.66,1631.0,0.0091,109.6,78.7
2020-09-23,-1.0,-18.0,12.0,-25.0,-23.0,17.0,41.0,0.0,0.68,2273.0,0.011,90.8,78.7
2020-09-24,-3.0,-19.0,5.0,-26.0,-23.0,18.0,10.0,0.0,0.64,2158.0,0.0103,97.2,78.7
2020-09-25,-5.0,-20.0,6.0,-29.0,-22.0,21.0,9.0,2.0,0.59,1400.0,0.0097,103.0,73.15
2020-09-26,5.0,-9.0,12.0,-17.0,-5.0,14.0,13.0,0.0,0.57,1894.0,0.0096,104.1,73.15
2020-09-27,-11.0,-24.0,7.0,-31.0,-18.0,18.0,9.0,0.0,0.54,2207.0,0.0084,119.4,73.15
2020-09-28,5.0,-12.0,15.0,-19.0,-20.0,17.0,12.0,0.0,0.52,1283.0,0.0086,116.8,73.15
2020-09-29,2.0,-14.0,10.0,-20.0,-22.0,16.0,4.0,0.0,0.49,2761.0,0.0069999999999999,142.6,73.15
2020-09-30,5.0,-11.0,1.0,-16.0,-24.0,11.0,4.0,0.0,0.47,2807.0,0.0042,237.9,73.15
2020-10-01,-2.0,-19.0,-15.0,-19.0,-26.0,10.0,3.0,0.0,0.5,2583.0,0.0036,276.6,73.15
2020-10-02,-3.0,-15.0,-12.0,-22.0,-24.0,8.0,4.0,0.0,0.53,1873.0,0.0032,314.4,73.15
2020-10-03,3.0,-7.0,-8.0,-16.0,-12.0,4.0,5.0,0.0,0.58,2568.0,0.0025,392.2,73.15
2020-10-04,-10.0,-19.0,-15.0,-27.0,-26.0,8.0,14.0,0.0,0.63,1853.0,0.0029,342.0,73.15
2020-10-05,2.0,-10.0,-8.0,-19.0,-24.0,7.0,1.0,0.0,0.63,1988.0,0.0021,469.6,73.15
2020-10-06,2.0,-13.0,-6.0,-23.0,-25.0,7.0,6.0,0.0,0.68,1306.0,0.0025,404.8,73.15
2020-10-07,3.0,-15.0,-4.0,-15.0,-21.0,8.0,10.0,0.0,0.7,3219.0,0.0028,358.0,73.15
2020-10-08,0.0,-15.0,-5.0,-18.0,-21.0,12.0,2.0,0.0,0.75,1935.0,0.0028,351.0,73.15
2020-10-09,0.0,-15.0,-1.0,-20.0,-20.0,13.0,5.0,1.0,0.8,963.0,0.0031,321.7,73.15
2020-10-10,6.0,-5.0,0.0,-14.0,-8.0,9.0,2.0,0.0,0.88,2668.0,0.0029,348.3,73.15
2020-10-11,-10.0,-21.0,-8.0,-22.0,-18.0,12.0,4.0,1.0,0.99,2239.0,0.0021,477.1,73.15
2020-10-12,3.0,-10.0,1.0,-17.0,-20.0,13.0,9.0,1.0,1.13,2149.0,0.0026,380.9,69.44
2020-10-13,1.0,-13.0,-5.0,-18.0,-21.0,12.0,3.0,0.0,1.27,0.0,0.0023,430.8,63.89
2020-10-14,5.0,-12.0,-1.0,-13.0,-19.0,11.0,32.0,1.0,1.43,0.0,0.0041,241.4,63.89
2020-10-15,2.0,-13.0,-2.0,-11.0,-20.0,14.0,13.0,0.0,1.37,0.0,0.005,202.0,63.89
2020-10-16,0.0,-11.0,1.0,-12.0,-18.0,14.0,12.0,1.0,1.28,3450.0,0.0046,216.4,63.89
2020-10-17,3.0,-5.0,-3.0,-10.0,-7.0,11.0,6.0,0.0,1.22,2224.0,0.005,199.7,63.89
2020-10-18,-9.0,-18.0,-6.0,-17.0,-19.0,13.0,3.0,0.0,1.19,1881.0,0.0051,197.7,63.89
2020-10-19,3.0,-9.0,4.0,-11.0,-19.0,13.0,18.0,0.0,1.22,1373.0,0.0059,168.3,63.89
2020-10-20,3.0,-13.0,5.0,-15.0,-21.0,13.0,4.0,0.0,1.21,997.0,0.0064,156.1,63.89
2020-10-21,5.0,-14.0,3.0,-13.0,-19.0,12.0,16.0,0.0,1.23,1306.0,0.0055,182.5,63.89
2020-10-22,7.0,-11.0,10.0,-11.0,-19.0,12.0,5.0,0.0,1.28,2051.0,0.0048,207.5,63.89
2020-10-23,7.0,-14.0,9.0,-14.0,-18.0,12.0,35.0,0.0,1.34,2086.0,0.0073,137.0,63.89
2020-10-24,10.0,-4.0,10.0,-11.0,-5.0,8.0,8.0,0.0,1.25,3698.0,0.0066,150.5,63.89
2020-10-25,-4.0,-17.0,1.0,-18.0,-19.0,11.0,6.0,0.0,1.18,1282.0,0.0072,139.1,63.89
2020-10-26,11.0,-8.0,10.0,-13.0,-17.0,12.0,7.0,0.0,1.17,0.0,0.0066,151.7,63.89
2020-10-27,4.0,-14.0,7.0,-16.0,-20.0,13.0,11.0,1.0,1.21,0.0,0.0072,138.2,63.89
2020-10-28,15.0,-7.0,2.0,-6.0,-18.0,10.0,45.0,0.0,1.23,1594.0,0.0094,106.4,63.89
2020-10-29,5.0,-13.0,-5.0,-11.0,-20.0,12.0,2.0,0.0,1.1,0.0,0.0094,105.9,63.89
2020-10-30,5.0,-11.0,-3.0,-10.0,-21.0,13.0,3.0,0.0,1.0,0.0,0.0069999999999999,142.1,63.89
2020-10-31,10.0,-2.0,2.0,-7.0,-9.0,10.0,3.0,0.0,0.98,1810.0,0.0079,126.8,63.89
2020-11-01,-3.0,-13.0,-7.0,-10.0,-18.0,11.0,9.0,0.0,0.99,1848.0,0.0077,129.1,63.89
2020-11-02,12.0,-4.0,-1.0,-10.0,-17.0,12.0,9.0,0.0,1.02,1443.0,0.0075,133.0,63.89
2020-11-03,13.0,-8.0,4.0,-9.0,-18.0,11.0,7.0,0.0,1.07,1310.0,0.0069,145.5,63.89
2020-11-04,10.0,-12.0,4.0,-8.0,-17.0,9.0,12.0,0.0,1.12,1604.0,0.004,252.4,63.89
2020-11-05,7.0,-15.0,2.0,-13.0,-17.0,11.0,18.0,1.0,1.23,980.0,0.0057,174.9,63.89
2020-11-06,-3.0,-22.0,-1.0,-16.0,-18.0,13.0,16.0,0.0,1.26,1805.0,0.0069,146.0,63.89
2020-11-07,12.0,-6.0,6.0,-10.0,-6.0,9.0,5.0,0.0,1.29,1333.0,0.0074,135.9,63.89
2020-11-08,-5.0,-19.0,-4.0,-19.0,-17.0,11.0,9.0,0.0,1.37,2859.0,0.0067,149.1,63.89
2020-11-09,7.0,-10.0,10.0,-11.0,-16.0,12.0,20.0,2.0,1.49,1741.0,0.0075,133.7,63.89
2020-11-10,3.0,-18.0,6.0,-19.0,-18.0,14.0,20.0,2.0,1.6,1293.0,0.0086,116.1,63.89
2020-11-11,11.0,-12.0,1.0,-12.0,-16.0,11.0,50.0,1.0,1.67,2974.0,0.0106,94.1,63.89
2020-11-12,6.0,-15.0,-1.0,-11.0,-16.0,11.0,7.0,0.0,1.63,0.0,0.0088,113.3,63.89
2020-11-13,2.0,-15.0,4.0,-16.0,-15.0,13.0,43.0,1.0,1.66,0.0,0.0103,97.2,63.89
2020-11-14,11.0,-7.0,9.0,-8.0,-6.0,9.0,32.0,0.0,1.63,0.0,0.0113,88.6,63.89
2020-11-15,-5.0,-22.0,-4.0,-19.0,-18.0,12.0,61.0,3.0,1.59,0.0,0.015,66.8,63.89
2020-11-16,9.0,-12.0,13.0,-14.0,-14.0,12.0,36.0,0.0,1.46,0.0,0.0154,65.1,63.89
2020-11-17,7.0,-15.0,11.0,-17.0,-16.0,11.0,16.0,1.0,1.36,0.0,0.0142,70.6,63.89
2020-11-18,5.0,-18.0,6.0,-15.0,-15.0,11.0,36.0,0.0,1.28,0.0,0.0138,72.4,63.89
2020-11-19,6.0,-17.0,4.0,-13.0,-15.0,11.0,29.0,0.0,1.26,0.0,0.0151,66.1,63.89
2020-11-20,5.0,-15.0,4.0,-10.0,-15.0,11.0,14.0,0.0,1.23,0.0,0.0125,80.0,63.89
2020-11-21,11.0,-7.0,5.0,-8.0,-5.0,9.0,34.0,0.0,1.26,0.0,0.0118,84.6,63.89
2020-11-22,-2.0,-18.0,0.0,-15.0,-14.0,10.0,45.0,1.0,1.27,0.0,0.0103,96.7,63.89
2020-11-23,7.0,-14.0,10.0,-13.0,-13.0,11.0,61.0,0.0,1.26,2541.0,0.0115,87.1,63.89
2020-11-24,4.0,-17.0,5.0,-19.0,-16.0,12.0,24.0,0.0,1.19,2084.0,0.012,83.0,63.89
2020-11-25,6.0,-14.0,4.0,-15.0,-13.0,11.0,29.0,0.0,1.14,2317.0,0.0117,85.2,72.22
2020-11-26,8.0,-13.0,6.0,-11.0,-13.0,10.0,72.0,0.0,1.15,2583.0,0.0137,72.7,72.22
2020-11-27,8.0,-13.0,4.0,-9.0,-13.0,10.0,21.0,0.0,1.07,2991.0,0.0145,68.8,72.22
2020-11-28,17.0,-3.0,8.0,-5.0,-4.0,8.0,19.0,0.0,1.01,2761.0,0.0144,69.6,72.22
2020-11-29,-5.0,-21.0,-2.0,-16.0,-18.0,14.0,28.0,1.0,0.99,2054.0,0.0147,68.2,72.22
2020-11-30,13.0,-8.0,14.0,-9.0,-10.0,10.0,15.0,1.0,0.98,2042.0,0.0124,80.9,72.22
2020-12-01,13.0,-9.0,10.0,-13.0,-12.0,10.0,14.0,0.0,1.01,2196.0,0.0117,85.6,72.22
2020-12-02,13.0,-12.0,5.0,-10.0,-10.0,10.0,46.0,1.0,1.08,2820.0,0.0123,81.1,72.22
2020-12-03,12.0,-12.0,4.0,-8.0,-11.0,10.0,17.0,0.0,1.12,2467.0,0.0092,108.3,72.22
2020-12-04,13.0,-11.0,8.0,-6.0,-10.0,9.0,32.0,1.0,1.2,3712.0,0.0095,105.6,72.22
2020-12-05,20.0,-1.0,16.0,-3.0,-2.0,6.0,41.0,0.0,1.28,3662.0,0.0102,98.2,72.22
2020-12-06,4.0,-14.0,5.0,-12.0,-14.0,9.0,45.0,0.0,1.35,0.0,0.0106,93.9,72.22
2020-12-07,11.0,-11.0,11.0,-10.0,-12.0,10.0,62.0,0.0,1.4,0.0,0.0125,79.8,72.22
2020-12-08,12.0,-10.0,10.0,-10.0,-9.0,11.0,46.0,0.0,1.42,2182.0,0.0141,70.9,70.37
2020-12-09,14.0,-11.0,14.0,-3.0,-9.0,11.0,41.0,2.0,1.45,3855.0,0.0132,75.8,70.37
2020-12-10,12.0,-11.0,15.0,-1.0,-11.0,14.0,71.0,0.0,1.52,3654.0,0.0149,67.2,70.37
2020-12-11,12.0,-10.0,21.0,-2.0,-11.0,15.0,79.0,1.0,1.57,3673.0,0.017,58.9,70.37
2020-12-12,19.0,1.0,30.0,4.0,-2.0,11.0,100.0,2.0,1.59,3642.0,0.0196,51.0,70.37
2020-12-13,3.0,-11.0,22.0,-6.0,-11.0,15.0,131.0,0.0,1.57,0.0,0.0232,43.0,70.37
2020-12-14,15.0,-7.0,28.0,-2.0,-11.0,15.0,88.0,0.0,1.49,0.0,0.0242,41.3,58.8
2020-12-15,10.0,-11.0,26.0,-10.0,-13.0,17.0,85.0,1.0,1.43,0.0,0.0251,39.9,58.8
2020-12-16,9.0,-11.0,22.0,-6.0,-12.0,17.0,122.0,0.0,1.37,0.0,0.0296,33.8,58.8
2020-12-17,7.0,-14.0,17.0,-10.0,-13.0,18.0,78.0,0.0,1.31,2561.0,0.0314,31.9,58.8
2020-12-18,2.0,-16.0,14.0,-11.0,-11.0,20.0,73.0,0.0,1.27,3054.0,0.032,31.2,58.8
2020-12-19,4.0,-8.0,14.0,-11.0,-5.0,18.0,127.0,2.0,1.25,0.0,0.0332,30.1,58.8
2020-12-20,-9.0,-19.0,11.0,-15.0,-15.0,19.0,61.0,4.0,1.19,0.0,0.0289,34.6,58.8
2020-12-21,10.0,-7.0,24.0,-5.0,-14.0,18.0,109.0,2.0,1.18,0.0,0.0289,34.6,58.8
2020-12-22,8.0,-10.0,23.0,-9.0,-19.0,19.0,109.0,1.0,1.15,0.0,0.0292,34.2,55.56
2020-12-23,13.0,-5.0,25.0,2.0,-16.0,17.0,87.0,0.0,1.11,0.0,0.027,37.1,61.11
2020-12-24,16.0,8.0,19.0,7.0,-21.0,16.0,72.0,3.0,1.1,0.0,0.0256,39.0,61.11
2020-12-25,-35.0,-44.0,21.0,-35.0,-69.0,33.0,73.0,0.0,1.1,0.0,0.0232,43.1,61.11
2020-12-26,-4.0,-13.0,19.0,-18.0,-20.0,19.0,74.0,3.0,1.12,0.0,0.0199,50.3,61.11
2020-12-27,-11.0,-21.0,15.0,-20.0,-19.0,19.0,153.0,2.0,1.15,2174.0,0.0243,41.2,61.11
2020-12-28,0.0,-12.0,26.0,-10.0,-46.0,27.0,51.0,1.0,1.13,2502.0,0.0232,43.2,61.11
2020-12-29,6.0,-10.0,22.0,-10.0,-20.0,19.0,107.0,4.0,1.14,2549.0,0.024,41.6,61.11
2020-12-30,10.0,-7.0,23.0,-4.0,-18.0,17.0,122.0,7.0,1.16,2913.0,0.0261,38.4,61.11
2020-12-31,11.0,1.0,18.0,3.0,-20.0,18.0,133.0,6.0,1.17,3409.0,0.0287,34.8,61.11
2021-01-01,-37.0,-51.0,17.0,-39.0,-71.0,36.0,77.0,2.0,1.16,0.0,0.0322,31.0,61.11
2021-01-02,-9.0,-19.0,18.0,-20.0,-19.0,20.0,107.0,4.0,1.18,0.0,0.0382,26.2,61.11
2021-01-03,-10.0,-21.0,15.0,-19.0,-15.0,19.0,109.0,3.0,1.19,0.0,0.0344,29.1,61.11
2021-01-04,-1.0,-14.0,24.0,-11.0,-44.0,27.0,172.0,4.0,1.21,0.0,0.0393,25.5,61.11
2021-01-05,-1.0,-18.0,19.0,-25.0,-17.0,21.0,107.0,5.0,1.19,0.0,0.0384,26.1,61.11
2021-01-06,-1.0,-21.0,16.0,-24.0,-15.0,21.0,103.0,2.0,1.2,4216.0,0.0354,28.3,61.11
2021-01-07,0.0,-21.0,14.0,-25.0,-15.0,22.0,167.0,1.0,1.22,0.0,0.0339,29.5,61.11
2021-01-08,-7.0,-26.0,13.0,-30.0,-14.0,23.0,143.0,2.0,1.23,0.0,0.0334,30.0,61.11
2021-01-09,-4.0,-20.0,9.0,-30.0,-2.0,19.0,93.0,3.0,1.24,4846.0,0.0308,32.4,61.11
2021-01-10,-11.0,-28.0,7.0,-35.0,-7.0,19.0,169.0,2.0,1.27,4189.0,0.0317,31.6,61.11
2021-01-11,0.0,-23.0,21.0,-29.0,-13.0,20.0,154.0,4.0,1.28,2362.0,0.0318,31.5,61.11
2021-01-12,2.0,-22.0,16.0,-29.0,-16.0,19.0,166.0,1.0,1.3,1890.0,0.0352,28.4,35.19
2021-01-13,-17.0,-38.0,3.0,-40.0,-25.0,22.0,172.0,3.0,1.32,1937.0,0.0409,24.5,35.19
2021-01-14,-13.0,-35.0,-10.0,-39.0,-25.0,20.0,194.0,5.0,1.35,2173.0,0.0479,20.9,35.19
2021-01-15,-19.0,-38.0,-13.0,-42.0,-29.0,21.0,257.0,5.0,1.39,6063.0,0.0514,19.5,35.19
2021-01-16,-16.0,-32.0,-15.0,-44.0,-21.0,19.0,277.0,2.0,1.39,5538.0,0.0575,17.4,35.19
2021-01-17,-22.0,-38.0,-14.0,-49.0,-25.0,21.0,182.0,2.0,1.36,0.0,0.0566,17.7,35.19
2021-01-18,-16.0,-36.0,-3.0,-41.0,-30.0,23.0,227.0,4.0,1.35,0.0,0.0541,18.5,74.07
2021-01-19,-50.0,-52.0,-13.0,-63.0,-59.0,41.0,289.0,2.0,1.35,0.0,0.053,18.9,74.07
2021-01-20,-57.0,-62.0,-17.0,-67.0,-61.0,44.0,312.0,5.0,1.34,0.0,0.0526,19.0,74.07
2021-01-21,-57.0,-60.0,-17.0,-69.0,-59.0,45.0,310.0,9.0,1.32,4247.0,0.0528,18.9,74.07
2021-01-22,-58.0,-61.0,-20.0,-68.0,-58.0,47.0,273.0,3.0,1.29,0.0,0.0555,18.0,74.07
2021-01-23,-54.0,-57.0,-20.0,-67.0,-46.0,38.0,204.0,7.0,1.27,0.0,0.0549,18.2,74.07
2021-01-24,-57.0,-59.0,-26.0,-70.0,-40.0,37.0,328.0,2.0,1.28,4715.0,0.0595,16.8,74.07
2021-01-25,-51.0,-56.0,-9.0,-67.0,-56.0,44.0,336.0,3.0,1.26,8293.0,0.0568,17.6,74.07
2021-01-26,-51.0,-57.0,-8.0,-68.0,-56.0,42.0,574.0,4.0,1.24,0.0,0.0578,17.3,74.07
2021-01-27,-50.0,-56.0,-11.0,-64.0,-56.0,41.0,281.0,2.0,1.16,0.0,0.0515,19.4,74.07
2021-01-28,-52.0,-57.0,-17.0,-65.0,-55.0,41.0,363.0,3.0,1.1,4156.0,0.0528,18.9,74.07
2021-01-29,-53.0,-56.0,-23.0,-64.0,-54.0,41.0,255.0,2.0,1.02,5024.0,0.0519,19.3,74.07
2021-01-30,-51.0,-49.0,-26.0,-66.0,-43.0,32.0,334.0,5.0,0.97,6087.0,0.0531,18.8,74.07
2021-01-31,-56.0,-55.0,-32.0,-71.0,-42.0,34.0,186.0,3.0,0.9,21919.0,0.0365,27.4,74.07
2021-02-01,-56.0,-56.0,-23.0,-69.0,-68.0,44.0,155.0,2.0,0.83,3888.0,0.0362,27.6,74.07
2021-02-02,-49.0,-53.0,-19.0,-67.0,-53.0,36.0,229.0,7.0,0.8,0.0,0.0344,29.0,74.07
2021-02-03,-52.0,-56.0,-17.0,-65.0,-53.0,37.0,146.0,3.0,0.77,0.0,0.0368,27.2,74.07
2021-02-04,-55.0,-59.0,-16.0,-69.0,-56.0,41.0,154.0,2.0,0.75,8969.0,0.0291,34.4,74.07
2021-02-05,-57.0,-60.0,-15.0,-68.0,-55.0,43.0,198.0,3.0,0.75,0.0,0.0281,35.6,74.07
2021-02-06,-56.0,-56.0,-17.0,-69.0,-43.0,35.0,151.0,4.0,0.75,0.0,0.025,39.9,74.07
2021-02-07,-60.0,-60.0,-19.0,-73.0,-41.0,36.0,114.0,3.0,0.74,0.0,0.0363,27.5,74.07
2021-02-08,-22.0,-33.0,0.0,-48.0,-36.0,27.0,170.0,3.0,0.74,0.0,0.0362,27.6,69.44
2021-02-09,-22.0,-33.0,2.0,-45.0,-36.0,24.0,190.0,3.0,0.73,0.0,0.0326,30.7,69.44
2021-02-10,-24.0,-34.0,-6.0,-43.0,-34.0,24.0,130.0,3.0,0.72,0.0,0.0301,33.2,69.44
2021-02-11,-29.0,-37.0,-16.0,-46.0,-35.0,25.0,127.0,2.0,0.71,3522.0,0.0345,29.0,69.44
2021-02-12,-32.0,-37.0,-23.0,-49.0,-34.0,26.0,132.0,5.0,0.71,0.0,0.033,30.3,69.44
2021-02-13,-25.0,-25.0,-23.0,-50.0,-23.0,19.0,67.0,0.0,0.71,0.0,0.0308,32.5,69.44
2021-02-14,-36.0,-32.0,-24.0,-54.0,-30.0,23.0,76.0,3.0,0.73,4675.0,0.0297,33.7,69.44
2021-02-15,-25.0,-33.0,-19.0,-46.0,-33.0,24.0,141.0,0.0,0.74,2662.0,0.0305,32.8,69.44
2021-02-16,-28.0,-34.0,-19.0,-46.0,-35.0,23.0,110.0,1.0,0.75,4814.0,0.0273,36.6,69.44
2021-02-17,-25.0,-34.0,-22.0,-44.0,-33.0,22.0,122.0,3.0,0.77,4618.0,0.0269,37.2,69.44
2021-02-18,-31.0,-36.0,-24.0,-45.0,-33.0,24.0,119.0,0.0,0.78,4391.0,0.0258,38.8,69.44
2021-02-19,-32.0,-35.0,-22.0,-47.0,-32.0,24.0,94.0,2.0,0.79,4862.0,0.0241,41.6,69.44
2021-02-20,-25.0,-25.0,-20.0,-46.0,-20.0,20.0,59.0,2.0,0.81,4668.0,0.0235,42.6,69.44
2021-02-21,-39.0,-36.0,-26.0,-55.0,-31.0,23.0,65.0,2.0,0.85,4128.0,0.0236,42.5,69.44
2021-02-22,-22.0,-30.0,-21.0,-43.0,-31.0,23.0,146.0,3.0,0.88,2655.0,0.0237,42.1,69.44
2021-02-23,-15.0,-27.0,-20.0,-43.0,-29.0,18.0,126.0,1.0,0.9,5960.0,0.0234,42.8,74.07
2021-02-24,-15.0,-28.0,-20.0,-38.0,-26.0,17.0,118.0,1.0,0.92,5252.0,0.0228,43.9,74.07
2021-02-25,-16.0,-28.0,-22.0,-39.0,-27.0,17.0,110.0,4.0,0.92,4425.0,0.0225,44.5,74.07
2021-02-26,-18.0,-28.0,-20.0,-40.0,-26.0,18.0,136.0,0.0,0.93,4163.0,0.0243,41.1,74.07
2021-02-27,-9.0,-15.0,-15.0,-40.0,-16.0,14.0,101.0,3.0,0.93,4162.0,0.0261,38.3,74.07
2021-02-28,-23.0,-26.0,-22.0,-47.0,-22.0,17.0,60.0,0.0,0.93,4374.0,0.0257,38.9,74.07
2021-03-01,-11.0,-21.0,-15.0,-39.0,-25.0,16.0,136.0,3.0,0.93,3410.0,0.0248,40.3,74.07
2021-03-02,-11.0,-25.0,-18.0,-40.0,-26.0,16.0,125.0,1.0,0.93,4578.0,0.0259,38.6,74.07
2021-03-03,-20.0,-31.0,-19.0,-42.0,-28.0,18.0,87.0,0.0,0.92,3960.0,0.026,38.5,74.07
2021-03-04,-10.0,-24.0,-20.0,-35.0,-24.0,16.0,136.0,1.0,0.92,4224.0,0.0271,37.0,74.07
2021-03-05,-16.0,-26.0,-18.0,-40.0,-25.0,17.0,92.0,1.0,0.9,0.0,0.0273,36.6,71.3
2021-03-06,-7.0,-13.0,-9.0,-41.0,-14.0,13.0,83.0,0.0,0.89,0.0,0.0287,34.9,71.3
2021-03-07,-21.0,-25.0,-15.0,-46.0,-20.0,15.0,42.0,1.0,0.89,5122.0,0.0271,36.8,71.3
2021-03-08,-10.0,-23.0,-11.0,-38.0,-24.0,17.0,108.0,0.0,0.91,2735.0,0.0268,37.4,71.3
2021-03-09,-10.0,-22.0,-13.0,-38.0,-25.0,16.0,120.0,2.0,0.91,0.0,0.0264,37.9,71.3
2021-03-10,-7.0,-23.0,-16.0,-33.0,-22.0,14.0,67.0,1.0,0.91,0.0,0.0248,40.4,71.3
2021-03-11,-12.0,-26.0,-18.0,-35.0,-23.0,16.0,99.0,2.0,0.92,0.0,0.0229,43.7,71.3
2021-03-12,-15.0,-26.0,-16.0,-37.0,-22.0,16.0,112.0,2.0,0.93,0.0,0.0225,44.5,71.3
2021-03-13,-7.0,-13.0,-16.0,-36.0,-13.0,13.0,86.0,1.0,0.94,0.0,0.0215,46.5,71.3
2021-03-14,-20.0,-26.0,-19.0,-46.0,-19.0,15.0,43.0,4.0,0.94,0.0,0.0227,44.1,71.3
2021-03-15,-9.0,-21.0,-14.0,-34.0,-19.0,16.0,116.0,2.0,0.96,0.0,0.0223,44.9,71.3
2021-03-16,-8.0,-20.0,-15.0,-30.0,-21.0,14.0,110.0,0.0,0.95,0.0,0.0229,43.6,71.3
2021-03-17,-12.0,-25.0,-13.0,-29.0,-22.0,16.0,68.0,1.0,0.94,0.0,0.024,41.6,71.3
2021-03-18,-7.0,-21.0,-12.0,-23.0,-18.0,13.0,71.0,1.0,0.95,0.0,0.0241,41.5,71.3
2021-03-19,-11.0,-22.0,-11.0,-24.0,-19.0,13.0,130.0,3.0,0.98,0.0,0.0252,39.7,71.3
2021-03-20,-5.0,-11.0,-2.0,-25.0,-12.0,11.0,80.0,0.0,0.99,0.0,0.0253,39.5,71.3
2021-03-21,-19.0,-24.0,-11.0,-32.0,-19.0,15.0,67.0,3.0,0.99,0.0,0.0267,37.4,71.3
2021-03-22,-10.0,-20.0,-6.0,-25.0,-19.0,16.0,68.0,2.0,0.99,3484.0,0.0248,40.4,71.3
2021-03-23,-5.0,-19.0,-5.0,-23.0,-18.0,12.0,79.0,3.0,1.01,0.0,0.0243,41.2,71.3
2021-03-24,-4.0,-17.0,-5.0,-20.0,-18.0,12.0,131.0,2.0,1.05,0.0,0.0279999999999999,35.7,71.3
2021-03-25,-5.0,-18.0,-14.0,-18.0,-18.0,13.0,104.0,1.0,1.05,0.0,0.0305,32.7,71.3
2021-03-26,-7.0,-17.0,-9.0,-20.0,-17.0,13.0,99.0,2.0,1.05,4099.0,0.0281,35.6,71.3
2021-03-27,0.0,-4.0,-1.0,-18.0,-10.0,10.0,61.0,1.0,1.07,4179.0,0.0262,38.2,71.3
2021-03-28,-13.0,-16.0,-3.0,-24.0,-16.0,12.0,49.0,0.0,1.1,16994.0,0.016,62.6,71.3
2021-03-29,-1.0,-14.0,-5.0,-16.0,-16.0,13.0,71.0,4.0,1.16,7044.0,0.0147,68.2,71.3
2021-03-30,-4.0,-17.0,-2.0,-17.0,-17.0,13.0,155.0,1.0,1.24,7792.0,0.0147,68.0,71.3
2021-03-31,2.0,-13.0,1.0,-9.0,-19.0,11.0,138.0,1.0,1.29,9464.0,0.0129,77.3,71.3
2021-04-01,2.0,-13.0,-6.0,-8.0,-17.0,10.0,135.0,1.0,1.32,8497.0,0.0122,82.0,71.3
2021-04-02,-12.0,-18.0,-5.0,-16.0,-46.0,20.0,249.0,2.0,1.34,0.0,0.0147,68.0,71.3
2021-04-03,-2.0,-4.0,7.0,-10.0,-12.0,10.0,76.0,1.0,1.31,0.0,0.0149,67.1,71.3
2021-04-04,-15.0,-17.0,2.0,-26.0,-26.0,11.0,239.0,0.0,1.31,6519.0,0.0221,45.3,71.3
2021-04-05,-7.0,-17.0,9.0,-13.0,-49.0,21.0,202.0,0.0,1.24,9335.0,0.0237,42.2,71.3
2021-04-06,3.0,-8.0,10.0,-6.0,-21.0,11.0,178.0,3.0,1.15,7864.0,0.0241,41.5,71.3
2021-04-07,-58.0,-65.0,-13.0,-58.0,-76.0,39.0,179.0,0.0,1.06,5266.0,0.0272,36.8,71.3
2021-04-08,-3.0,-13.0,-4.0,-9.0,-20.0,15.0,111.0,0.0,0.97,6052.0,0.0281,35.5,71.3
2021-04-09,-7.0,-15.0,4.0,-15.0,-19.0,17.0,108.0,0.0,0.9,6557.0,0.0238,42.1,71.3
2021-04-10,-2.0,-6.0,0.0,-13.0,-6.0,13.0,83.0,0.0,0.87,6928.0,0.0227,44.1,71.3
2021-04-11,-15.0,-15.0,-2.0,-21.0,-18.0,15.0,83.0,1.0,0.83,0.0,0.021,47.7,71.3
2021-04-12,-1.0,-12.0,1.0,-13.0,-20.0,17.0,109.0,1.0,0.79,0.0,0.022,45.5,71.3
2021-04-13,-12.0,-25.0,-2.0,-27.0,-28.0,20.0,68.0,0.0,0.75,0.0,0.0205,48.9,71.3
2021-04-14,7.0,-5.0,5.0,1.0,-17.0,10.0,69.0,1.0,0.74,0.0,0.0174,57.6,71.3
2021-04-15,3.0,-8.0,-1.0,0.0,-15.0,12.0,72.0,4.0,0.73,0.0,0.0162,61.8,71.3
2021-04-16,-2.0,-8.0,0.0,-6.0,-14.0,13.0,68.0,1.0,0.74,0.0,0.0152,65.8,71.3
2021-04-17,7.0,6.0,2.0,-3.0,-2.0,10.0,54.0,0.0,0.77,0.0,0.0145,69.1,71.3
2021-04-18,-7.0,-1.0,-3.0,-8.0,-12.0,12.0,22.0,3.0,0.81,0.0,0.0116,86.3,71.3
2021-04-19,2.0,-6.0,2.0,-5.0,-12.0,12.0,46.0,1.0,0.86,0.0,0.0103,96.9,71.3
2021-04-20,-6.0,-13.0,0.0,-17.0,-15.0,15.0,71.0,1.0,0.94,0.0,0.0115,87.3,71.3
2021-04-21,4.0,-9.0,0.0,-8.0,-11.0,10.0,107.0,0.0,1.04,4092.0,0.013,76.8,71.3
2021-04-22,3.0,-10.0,-3.0,-6.0,-10.0,11.0,150.0,1.0,1.11,0.0,0.0162,61.8,71.3
2021-04-23,1.0,-9.0,2.0,-10.0,-9.0,12.0,197.0,0.0,1.12,0.0,0.0214,46.7,71.3
2021-04-24,12.0,6.0,11.0,-5.0,1.0,10.0,76.0,0.0,1.07,0.0,0.023,43.4,71.3
2021-04-25,-6.0,-7.0,3.0,-14.0,-11.0,12.0,58.0,2.0,1.04,0.0,0.0253,39.5,71.3
2021-04-26,12.0,2.0,11.0,-1.0,-7.0,10.0,84.0,0.0,1.01,9665.0,0.0208,48.1,71.3
2021-04-27,10.0,-3.0,4.0,-6.0,-8.0,10.0,137.0,1.0,1.0,0.0,0.0222,45.0,71.3
2021-04-28,13.0,-1.0,5.0,-3.0,-9.0,9.0,74.0,1.0,0.97,0.0,0.0223,44.9,71.3
2021-04-29,9.0,-4.0,1.0,-4.0,-8.0,10.0,107.0,1.0,0.95,4530.0,0.021,47.6,71.3
2021-04-30,9.0,-3.0,0.0,-4.0,-7.0,11.0,121.0,2.0,0.93,0.0,0.0193,51.8,71.3
2021-05-01,16.0,12.0,13.0,-2.0,-7.0,10.0,109.0,0.0,0.9,0.0,0.0215,46.6,71.3
2021-05-02,0.0,-1.0,7.0,-15.0,-14.0,11.0,28.0,2.0,0.84,0.0,0.0218,45.8,71.3
2021-05-03,7.0,-2.0,9.0,-6.0,-45.0,20.0,58.0,0.0,0.8,0.0,0.0261,38.3,71.3
2021-05-04,13.0,-1.0,8.0,-5.0,-7.0,10.0,40.0,0.0,0.78,0.0,0.0211,47.4,71.3
2021-05-05,14.0,0.0,1.0,-2.0,-7.0,9.0,70.0,1.0,0.8,0.0,0.02,49.9,71.3
2021-05-06,11.0,-2.0,3.0,-3.0,-7.0,11.0,65.0,0.0,0.81,0.0,0.0191,52.5,71.3
2021-05-07,9.0,-5.0,9.0,-1.0,-5.0,10.0,53.0,0.0,0.82,0.0,0.0164,60.9,71.3
2021-05-08,18.0,11.0,16.0,-1.0,2.0,9.0,47.0,0.0,0.86,3659.0,0.0139999999999999,71.3,71.3
2021-05-09,-2.0,-4.0,4.0,-13.0,-11.0,13.0,66.0,0.0,0.9,4069.0,0.0153,65.5,71.3
2021-05-10,16.0,1.0,8.0,-3.0,-6.0,11.0,62.0,0.0,0.92,3481.0,0.0155,64.3,71.3
2021-05-11,5.0,-7.0,4.0,-16.0,-10.0,15.0,59.0,2.0,0.94,2730.0,0.0169,59.2,62.96
2021-05-12,19.0,5.0,8.0,0.0,-6.0,9.0,73.0,0.0,0.98,0.0,0.017,58.9,62.96
2021-05-13,2.0,-8.0,1.0,-9.0,-47.0,22.0,88.0,2.0,1.01,0.0,0.0178,56.0,62.96
2021-05-14,7.0,-2.0,-1.0,-5.0,-6.0,13.0,99.0,1.0,1.03,3698.0,0.0197,50.9,62.96
2021-05-15,16.0,15.0,15.0,-2.0,3.0,9.0,66.0,0.0,1.02,9229.0,0.0167,59.8,62.96
2021-05-16,0.0,3.0,6.0,-9.0,-5.0,11.0,42.0,1.0,1.02,0.0,0.0171,58.4,62.96
2021-05-17,13.0,4.0,12.0,-1.0,-2.0,10.0,74.0,1.0,1.04,0.0,0.0186,53.9,62.96
2021-05-18,13.0,2.0,9.0,-6.0,-5.0,10.0,129.0,1.0,1.04,4429.0,0.0199,50.2,62.96
2021-05-19,17.0,0.0,6.0,-3.0,-4.0,10.0,80.0,2.0,1.0,0.0,0.0193,51.7,62.96
2021-05-20,13.0,-1.0,10.0,-6.0,-3.0,11.0,105.0,1.0,0.96,0.0,0.0191,52.2,62.96
2021-05-21,16.0,3.0,18.0,-2.0,0.0,10.0,72.0,0.0,0.9,0.0,0.0174,57.5,62.96
2021-05-22,23.0,16.0,25.0,1.0,7.0,9.0,57.0,0.0,0.85,0.0,0.0195,51.4,62.96
2021-05-23,8.0,3.0,17.0,-6.0,-4.0,10.0,30.0,0.0,0.8,4387.0,0.0175,57.0,62.96
2021-05-24,19.0,9.0,24.0,-1.0,0.0,11.0,42.0,0.0,0.76,5125.0,0.015,66.8,62.96
2021-05-25,19.0,7.0,25.0,-4.0,-2.0,10.0,50.0,0.0,0.73,4029.0,0.0128,77.9,62.96
2021-05-26,24.0,6.0,21.0,1.0,-3.0,8.0,37.0,1.0,0.72,4840.0,0.0116,86.2,62.96
2021-05-27,25.0,6.0,24.0,3.0,-2.0,10.0,26.0,1.0,0.72,0.0,0.0096,104.0,62.96
2021-05-28,26.0,8.0,27.0,4.0,-1.0,9.0,35.0,1.0,0.74,0.0,0.0089,112.3,62.96
2021-05-29,37.0,25.0,33.0,10.0,11.0,6.0,14.0,0.0,0.78,0.0,0.0079,126.3,62.96
2021-05-30,18.0,11.0,25.0,-2.0,-2.0,8.0,26.0,0.0,0.86,0.0,0.0073,137.8,62.96
2021-05-31,32.0,15.0,34.0,6.0,2.0,9.0,45.0,1.0,0.94,0.0,0.0069999999999999,142.0,62.96
2021-06-01,32.0,13.0,30.0,3.0,0.0,9.0,60.0,4.0,1.0,0.0,0.0068,146.5,54.63
2021-06-02,32.0,14.0,29.0,7.0,0.0,7.0,41.0,1.0,1.06,4382.0,0.0069999999999999,142.2,54.63
2021-06-03,34.0,9.0,23.0,4.0,0.0,10.0,55.0,0.0,1.13,3867.0,0.0078,127.8,54.63
2021-06-04,32.0,13.0,28.0,7.0,2.0,9.0,43.0,1.0,1.2,4074.0,0.008,125.4,54.63
2021-06-05,40.0,26.0,34.0,10.0,12.0,7.0,49.0,0.0,1.3,0.0,0.0088,114.1,54.63
2021-06-06,21.0,12.0,30.0,1.0,-3.0,8.0,34.0,1.0,1.41,0.0,0.0095,105.1,54.63
2021-06-07,38.0,17.0,34.0,7.0,4.0,9.0,62.0,0.0,1.55,4434.0,0.0107,93.8,54.63
2021-06-08,32.0,15.0,33.0,1.0,3.0,9.0,127.0,4.0,1.71,3910.0,0.0139,72.1,54.63
2021-06-09,38.0,13.0,29.0,4.0,2.0,7.0,114.0,1.0,1.8,3594.0,0.0168,59.6,54.63
2021-06-10,33.0,10.0,29.0,2.0,2.0,9.0,112.0,1.0,1.89,3959.0,0.0187,53.5,54.63
2021-06-11,32.0,13.0,30.0,5.0,2.0,9.0,202.0,2.0,1.99,5002.0,0.0234,42.7,54.63
2021-06-12,37.0,25.0,31.0,10.0,11.0,7.0,284.0,2.0,2.04,5927.0,0.0299,33.5,54.63
2021-06-13,20.0,9.0,23.0,-1.0,0.0,10.0,227.0,0.0,2.01,6658.0,0.0337,29.7,54.63
2021-06-14,30.0,11.0,28.0,5.0,2.0,11.0,241.0,2.0,1.97,5286.0,0.0381,26.3,54.63
2021-06-15,26.0,10.0,25.0,-1.0,1.0,11.0,298.0,0.0,1.93,4715.0,0.0421,23.8,54.63
2021-06-16,32.0,8.0,26.0,0.0,-2.0,10.0,263.0,4.0,1.92,6072.0,0.0433,23.1,54.63
2021-06-17,23.0,3.0,17.0,-1.0,-3.0,11.0,422.0,1.0,1.92,5676.0,0.0492,20.3,54.63
2021-06-18,21.0,4.0,26.0,-2.0,-3.0,12.0,451.0,1.0,1.91,5770.0,0.0545,18.3,54.63
2021-06-19,27.0,17.0,28.0,0.0,6.0,10.0,469.0,1.0,1.88,7452.0,0.057,17.6,54.63
2021-06-20,9.0,4.0,19.0,-12.0,-7.0,12.0,296.0,3.0,1.86,8928.0,0.0556,18.0,54.63
2021-06-21,22.0,6.0,25.0,-5.0,-4.0,11.0,622.0,6.0,1.88,7196.0,0.0616,16.2,54.63
2021-06-22,20.0,5.0,21.0,-3.0,-8.0,12.0,861.0,4.0,1.87,5342.0,0.0729,13.7,54.63
2021-06-23,8.0,-7.0,14.0,-27.0,-9.0,17.0,964.0,5.0,1.82,7624.0,0.0851,11.7,54.63
2021-06-24,8.0,-9.0,13.0,-29.0,-9.0,18.0,883.0,5.0,1.73,8741.0,0.089,11.2,54.63
2021-06-25,4.0,-6.0,13.0,-29.0,-7.0,19.0,875.0,2.0,1.64,10385.0,0.0893,11.2,54.63
2021-06-26,13.0,9.0,18.0,-29.0,6.0,16.0,868.0,7.0,1.55,10585.0,0.0913,11.0,54.63
2021-06-27,-2.0,-7.0,10.0,-39.0,-5.0,17.0,741.0,9.0,1.47,12369.0,0.0934,10.7,54.63
2021-06-28,13.0,-1.0,22.0,-27.0,-7.0,18.0,757.0,7.0,1.39,7863.0,0.0946,10.6,54.63
2021-06-29,9.0,-2.0,17.0,-29.0,-8.0,18.0,814.0,4.0,1.34,6883.0,0.0916,10.9,54.63
2021-06-30,17.0,3.0,21.0,-21.0,-9.0,15.0,849.0,7.0,1.3,10103.0,0.0865,11.6,54.63
2021-07-01,-9.0,-13.0,12.0,-30.0,-47.0,30.0,867.0,10.0,1.26,10167.0,0.0844,11.8,54.63
2021-07-02,-9.0,-9.0,16.0,-30.0,-26.0,27.0,884.0,5.0,1.24,9047.0,0.0862,11.6,54.63
2021-07-03,1.0,4.0,16.0,-27.0,-3.0,20.0,898.0,12.0,1.21,0.0,0.0907,11.0,54.63
2021-07-04,-17.0,-12.0,8.0,-43.0,-21.0,24.0,889.0,5.0,1.19,0.0,0.1005,10.0,54.63
2021-07-05,-4.0,-6.0,22.0,-33.0,-46.0,30.0,811.0,9.0,1.15,6889.0,0.1031,9.7,54.63
2021-07-06,-1.0,-6.0,23.0,-30.0,-24.0,25.0,883.0,12.0,1.12,4766.0,0.1082,9.2,54.63
2021-07-07,0.0,-6.0,19.0,-28.0,-26.0,25.0,760.0,16.0,1.1,6492.0,0.1139,8.8,54.63
2021-07-08,-5.0,-9.0,16.0,-30.0,-26.0,26.0,911.0,14.0,1.1,7846.0,0.1201,8.3,54.63
2021-07-09,-10.0,-13.0,20.0,-32.0,-25.0,28.0,887.0,13.0,1.09,8350.0,0.1218,8.2,54.63
2021-07-10,-1.0,1.0,17.0,-29.0,-4.0,20.0,830.0,17.0,1.09,7811.0,0.12,8.3,54.63
2021-07-11,-18.0,-12.0,15.0,-39.0,-18.0,24.0,577.0,9.0,1.09,8295.0,0.1122,8.9,54.63
2021-07-12,-3.0,-7.0,25.0,-28.0,-27.0,27.0,772.0,22.0,1.1,7456.0,0.1102,9.1,54.63
2021-07-13,-5.0,-11.0,21.0,-30.0,-27.0,26.0,792.0,16.0,1.13,6677.0,0.1045,9.6,54.63
2021-07-14,0.0,-9.0,19.0,-27.0,-26.0,24.0,934.0,9.0,1.18,8435.0,0.1039,9.6,54.63
2021-07-15,5.0,1.0,17.0,-22.0,-24.0,24.0,883.0,9.0,1.23,5324.0,0.1084,9.2,54.63
2021-07-16,10.0,16.0,24.0,-13.0,-25.0,21.0,927.0,10.0,1.29,10449.0,0.105,9.5,54.63
2021-07-17,-52.0,-52.0,-8.0,-66.0,-43.0,37.0,1997.0,12.0,1.37,8127.0,0.1257,8.0,54.63
2021-07-18,-52.0,-50.0,-11.0,-68.0,-39.0,36.0,2773.0,11.0,1.36,0.0,0.1195,8.4,54.63
2021-07-19,-46.0,-47.0,8.0,-62.0,-56.0,44.0,913.0,17.0,1.22,0.0,0.0941,10.6,54.63
2021-07-20,-49.0,-50.0,8.0,-64.0,-65.0,44.0,906.0,11.0,1.14,0.0,0.0772,12.9,54.63
2021-07-21,-44.0,-47.0,3.0,-59.0,-55.0,39.0,925.0,16.0,1.08,0.0,0.0657,15.2,54.63
2021-07-22,-46.0,-49.0,4.0,-61.0,-54.0,40.0,1309.0,11.0,1.05,0.0,0.0587,17.0,54.63
2021-07-23,-49.0,-51.0,0.0,-62.0,-53.0,42.0,953.0,14.0,1.02,0.0,0.0528,18.9,54.63
2021-07-24,-43.0,-44.0,-1.0,-61.0,-36.0,35.0,0.0,9.0,1.01,0.0,0.0392,25.5,54.63
2021-07-25,-48.0,-50.0,-10.0,-67.0,-38.0,35.0,618.0,15.0,1.06,0.0,0.0295,33.9,54.63
2021-07-26,-42.0,-45.0,3.0,-61.0,-52.0,41.0,3072.0,15.0,1.14,0.0,0.0425,23.5,54.63
2021-07-27,-43.0,-44.0,2.0,-60.0,-52.0,39.0,969.0,14.0,1.05,0.0,0.0448,22.3,54.63
2021-07-28,-43.0,-48.0,1.0,-61.0,-54.0,38.0,915.0,5.0,0.98,0.0,0.0503,19.9,54.63
2021-07-29,-44.0,-48.0,-1.0,-62.0,-53.0,40.0,965.0,11.0,0.93,0.0,0.055,18.2,54.63
2021-07-30,-47.0,-48.0,-1.0,-64.0,-52.0,43.0,971.0,11.0,0.9,0.0,0.0643,15.6,54.63
2021-07-31,-43.0,-45.0,-1.0,-64.0,-35.0,34.0,860.0,10.0,0.87,0.0,0.0809,12.4,54.63
2021-08-01,-6.0,-4.0,12.0,-34.0,-12.0,21.0,648.0,13.0,0.84,0.0,0.0932,10.7,54.63
2021-08-02,11.0,-2.0,29.0,-17.0,-24.0,22.0,720.0,10.0,0.81,0.0,0.0788,12.7,54.63
2021-08-03,8.0,-2.0,22.0,-18.0,-24.0,21.0,775.0,13.0,0.8,0.0,0.0924,10.8,54.63
2021-08-04,10.0,-4.0,29.0,-14.0,-23.0,19.0,769.0,6.0,0.78,0.0,0.0859,11.6,54.63
2021-08-05,4.0,-5.0,20.0,-11.0,-23.0,20.0,754.0,10.0,0.78,0.0,0.0791,12.6,54.63
2021-08-06,-2.0,-12.0,24.0,-15.0,-45.0,27.0,629.0,14.0,0.77,0.0,0.071,14.1,54.63
2021-08-07,8.0,3.0,23.0,-14.0,-8.0,18.0,650.0,7.0,0.77,12180.0,0.0647,15.5,54.63
2021-08-08,-9.0,-10.0,18.0,-22.0,-16.0,21.0,448.0,9.0,0.76,9813.0,0.0608,16.4,54.63
2021-08-09,7.0,-5.0,24.0,-13.0,-17.0,20.0,544.0,8.0,0.75,6688.0,0.0598,16.7,54.63
2021-08-10,8.0,-5.0,31.0,-16.0,-17.0,20.0,600.0,13.0,0.76,7563.0,0.0581,17.2,54.63
2021-08-11,10.0,-4.0,27.0,-10.0,-17.0,18.0,619.0,9.0,0.76,12133.0,0.0569,17.6,54.63
2021-08-12,18.0,1.0,22.0,-4.0,-15.0,16.0,449.0,10.0,0.76,11270.0,0.0541,18.5,54.63
2021-08-13,15.0,-2.0,25.0,-8.0,-15.0,17.0,515.0,8.0,0.78,11377.0,0.0539,18.6,54.63
2021-08-14,24.0,12.0,29.0,-4.0,3.0,13.0,466.0,11.0,0.79,11638.0,0.0517,19.4,54.63
2021-08-15,7.0,-3.0,28.0,-15.0,-7.0,14.0,418.0,10.0,0.81,0.0,0.051,19.6,54.63
2021-08-16,18.0,2.0,27.0,-5.0,-41.0,22.0,435.0,10.0,0.82,0.0,0.0472,21.2,54.63
2021-08-17,19.0,3.0,28.0,-6.0,-12.0,15.0,557.0,8.0,0.84,0.0,0.0451,22.2,54.63
2021-08-18,23.0,1.0,23.0,-1.0,-7.0,15.0,645.0,3.0,0.86,8435.0,0.0478,20.9,54.63
2021-08-19,21.0,-1.0,24.0,-3.0,-9.0,15.0,496.0,16.0,0.86,10299.0,0.0491,20.4,54.63
2021-08-20,16.0,-4.0,26.0,-6.0,-9.0,17.0,380.0,9.0,0.86,11534.0,0.0471,21.2,54.63
2021-08-21,24.0,6.0,32.0,-1.0,8.0,12.0,415.0,5.0,0.88,12772.0,0.0457,21.9,54.63
2021-08-22,12.0,-6.0,27.0,-14.0,-4.0,14.0,393.0,11.0,0.91,16143.0,0.0419,23.9,54.63
2021-08-23,27.0,3.0,33.0,-2.0,-7.0,16.0,496.0,6.0,0.93,12650.0,0.0413,24.2,54.63
2021-08-24,28.0,3.0,27.0,-4.0,-9.0,14.0,608.0,11.0,0.94,0.0,0.0422,23.7,54.63
2021-08-25,32.0,4.0,31.0,-1.0,-9.0,13.0,504.0,10.0,0.95,0.0,0.04,25.0,54.63
2021-08-26,31.0,3.0,26.0,2.0,-10.0,13.0,570.0,8.0,0.96,0.0,0.0396,25.3,54.63
2021-08-27,28.0,6.0,28.0,1.0,-10.0,15.0,522.0,9.0,0.96,0.0,0.0405,24.7,54.63
2021-08-28,35.0,14.0,35.0,7.0,5.0,11.0,519.0,9.0,0.96,18193.0,0.0393,25.5,54.63
2021-08-29,15.0,1.0,28.0,-5.0,-5.0,13.0,371.0,5.0,0.95,26058.0,0.0352,28.4,54.63
2021-08-30,31.0,3.0,33.0,2.0,-8.0,14.0,518.0,4.0,0.95,23042.0,0.0322,31.1,54.63
2021-08-31,31.0,5.0,31.0,-2.0,-9.0,12.0,496.0,6.0,0.94,8766.0,0.0314,31.9,54.63
2021-09-01,36.0,6.0,30.0,3.0,-8.0,13.0,570.0,8.0,0.93,14241.0,0.0306,32.6,54.63
2021-09-02,39.0,6.0,28.0,3.0,-7.0,12.0,485.0,8.0,0.92,12357.0,0.0301,33.2,51.85
2021-09-03,38.0,9.0,31.0,0.0,-5.0,12.0,490.0,7.0,0.9,11604.0,0.0302,33.1,51.85
2021-09-04,45.0,21.0,39.0,3.0,10.0,10.0,352.0,5.0,0.89,12737.0,0.0302,33.2,51.85
2021-09-05,24.0,7.0,30.0,-7.0,2.0,11.0,244.0,7.0,0.89,12230.0,0.0332,30.1,51.85
2021-09-06,39.0,9.0,33.0,4.0,-5.0,13.0,377.0,10.0,0.89,0.0,0.0358,27.9,51.85
2021-09-07,37.0,8.0,32.0,-1.0,-4.0,12.0,453.0,7.0,0.9,0.0,0.0339,29.5,51.85
2021-09-08,38.0,6.0,30.0,2.0,-4.0,11.0,483.0,6.0,0.91,0.0,0.0338,29.6,51.85
2021-09-09,36.0,3.0,27.0,-1.0,-5.0,12.0,474.0,6.0,0.92,0.0,0.0338,29.6,51.85
2021-09-10,35.0,2.0,37.0,-3.0,-3.0,12.0,470.0,5.0,0.92,12128.0,0.0333,30.0,51.85
2021-09-11,41.0,15.0,47.0,1.0,12.0,10.0,0.0,0.0,0.91,0.0,0.0296,33.8,51.85
2021-09-12,22.0,3.0,36.0,-12.0,3.0,12.0,595.0,14.0,0.96,0.0,0.034,29.4,51.85
2021-09-13,39.0,9.0,41.0,2.0,-2.0,12.0,459.0,3.0,0.95,11795.0,0.0351,28.5,51.85
2021-09-14,39.0,6.0,38.0,0.0,-6.0,11.0,488.0,5.0,0.93,10027.0,0.0365,27.4,51.85
2021-09-15,36.0,4.0,36.0,3.0,-7.0,10.0,488.0,4.0,0.9,0.0,0.0361,27.7,51.85
2021-09-16,38.0,2.0,30.0,3.0,-7.0,11.0,423.0,9.0,0.86,0.0,0.0351,28.5,51.85
2021-09-17,33.0,3.0,27.0,1.0,-7.0,12.0,415.0,6.0,0.82,14495.0,0.0335,29.8,51.85
2021-09-18,38.0,13.0,37.0,2.0,10.0,10.0,224.0,7.0,0.79,9244.0,0.0372,26.9,51.85
2021-09-19,26.0,2.0,34.0,-8.0,-1.0,12.0,140.0,4.0,0.75,25704.0,0.0271,36.9,51.85
2021-09-20,42.0,9.0,39.0,5.0,-3.0,11.0,246.0,5.0,0.73,5447.0,0.0267,37.5,51.85
2021-09-21,35.0,4.0,38.0,-2.0,-4.0,12.0,264.0,6.0,0.72,15638.0,0.0228,43.9,51.85
2021-09-22,43.0,7.0,37.0,6.0,-1.0,10.0,256.0,5.0,0.71,10186.0,0.021,47.6,51.85
2021-09-23,40.0,5.0,28.0,5.0,-2.0,10.0,314.0,7.0,0.71,0.0,0.0204,49.0,51.85
2021-09-24,42.0,6.0,35.0,6.0,-1.0,9.0,233.0,9.0,0.69,0.0,0.0193,51.8,51.85
2021-09-25,42.0,15.0,45.0,7.0,9.0,8.0,157.0,6.0,0.68,0.0,0.0182,54.9,51.85
2021-09-26,27.0,5.0,33.0,0.0,-1.0,11.0,112.0,4.0,0.66,0.0,0.0215,46.5,51.85
2021-09-27,41.0,9.0,38.0,7.0,1.0,11.0,143.0,6.0,0.66,14529.0,0.0179,55.9,51.85
2021-09-28,43.0,10.0,37.0,3.0,0.0,9.0,208.0,1.0,0.66,8873.0,0.0187,53.4,51.85
2021-09-29,45.0,9.0,37.0,9.0,-1.0,9.0,168.0,5.0,0.65,19447.0,0.0157,63.8,51.85
2021-09-30,40.0,10.0,32.0,10.0,0.0,10.0,159.0,9.0,0.64,11085.0,0.0137,72.9,51.85
2021-10-01,41.0,11.0,37.0,13.0,1.0,9.0,178.0,3.0,0.65,0.0,0.0128,77.9,51.85
2021-10-02,46.0,21.0,44.0,13.0,13.0,7.0,86.0,5.0,0.64,0.0,0.0119,84.1,51.85
2021-10-03,24.0,5.0,33.0,0.0,-2.0,10.0,89.0,2.0,0.65,0.0,0.0111,90.4,51.85
2021-10-04,46.0,18.0,44.0,14.0,4.0,8.0,81.0,5.0,0.65,0.0,0.0103,97.1,51.85
2021-10-05,43.0,13.0,40.0,8.0,1.0,9.0,126.0,2.0,0.66,7506.0,0.0096,104.5,51.85
2021-10-06,45.0,14.0,37.0,14.0,1.0,9.0,132.0,6.0,0.68,9113.0,0.0103,96.8,51.85
2021-10-07,46.0,13.0,34.0,14.0,2.0,9.0,136.0,1.0,0.69,7602.0,0.0105,95.3,51.85
2021-10-08,43.0,12.0,36.0,13.0,3.0,9.0,140.0,3.0,0.7,10466.0,0.0102,98.0,51.85
2021-10-09,52.0,25.0,48.0,17.0,16.0,6.0,114.0,4.0,0.69,0.0,0.0102,98.0,51.85
2021-10-10,33.0,12.0,35.0,5.0,4.0,9.0,98.0,4.0,0.68,0.0,0.0104,96.0,51.85
2021-10-11,42.0,11.0,37.0,14.0,4.0,9.0,48.0,0.0,0.64,13088.0,0.0103,97.1,51.85
2021-10-12,41.0,10.0,38.0,8.0,4.0,8.0,95.0,3.0,0.62,7498.0,0.0099,101.0,51.85
2021-10-13,44.0,10.0,40.0,11.0,4.0,8.0,86.0,1.0,0.6,7671.0,0.0095,105.5,51.85
2021-10-14,38.0,4.0,35.0,8.0,5.0,8.0,61.0,1.0,0.59,7714.0,0.0085,118.0,51.85
2021-10-15,39.0,5.0,39.0,7.0,6.0,8.0,80.0,0.0,0.58,8376.0,0.0079,126.5,51.85
2021-10-16,44.0,12.0,42.0,8.0,15.0,7.0,61.0,0.0,0.57,0.0,0.0078,129.0,51.85
2021-10-17,27.0,4.0,32.0,3.0,3.0,11.0,17.0,0.0,0.55,0.0,0.0071,140.3,51.85
2021-10-18,40.0,9.0,45.0,13.0,5.0,9.0,36.0,0.0,0.54,0.0,0.0074,135.4,51.85
2021-10-19,38.0,5.0,45.0,6.0,3.0,9.0,32.0,1.0,0.53,6811.0,0.0064,156.4,51.85
2021-10-20,40.0,4.0,38.0,10.0,5.0,9.0,39.0,0.0,0.55,7792.0,0.0056,179.3,51.85
2021-10-21,38.0,3.0,32.0,5.0,4.0,10.0,36.0,2.0,0.57,5791.0,0.0053,187.8,51.85
2021-10-22,42.0,3.0,33.0,5.0,6.0,9.0,37.0,2.0,0.61,0.0,0.0046,217.0,51.85
2021-10-23,46.0,14.0,35.0,5.0,15.0,8.0,29.0,2.0,0.65,0.0,0.0041,241.4,51.85
2021-10-24,30.0,4.0,31.0,0.0,2.0,11.0,20.0,0.0,0.7,0.0,0.004,249.0,51.85
2021-10-25,40.0,6.0,37.0,6.0,8.0,10.0,57.0,0.0,0.75,0.0,0.0042,238.0,51.85
2021-10-26,42.0,7.0,41.0,5.0,7.0,9.0,43.0,1.0,0.77,0.0,0.0042,239.6,51.85
2021-10-27,47.0,8.0,38.0,10.0,6.0,8.0,40.0,1.0,0.79,0.0,0.0041,246.5,51.85
2021-10-28,43.0,5.0,31.0,6.0,6.0,9.0,51.0,5.0,0.83,9272.0,0.0041,245.7,51.85
2021-10-29,48.0,8.0,40.0,11.0,8.0,8.0,63.0,1.0,0.85,8690.0,0.0044,227.5,51.85
2021-10-30,54.0,20.0,44.0,11.0,14.0,6.0,53.0,0.0,0.85,0.0,0.0042,236.2,51.85
2021-10-31,32.0,8.0,35.0,6.0,2.0,9.0,17.0,3.0,0.83,0.0,0.004,252.0,51.85
2021-11-01,42.0,9.0,38.0,8.0,8.0,10.0,29.0,1.0,0.82,0.0,0.0034,290.8,51.85
2021-11-02,43.0,10.0,39.0,5.0,8.0,8.0,38.0,0.0,0.82,8346.0,0.0034,290.7,51.85
2021-11-03,48.0,10.0,40.0,10.0,7.0,7.0,55.0,0.0,0.82,7871.0,0.0037,270.0,51.85
2021-11-04,43.0,6.0,29.0,8.0,8.0,9.0,34.0,0.0,0.8,7373.0,0.0036,279.3,51.85
2021-11-05,49.0,7.0,33.0,11.0,9.0,7.0,44.0,0.0,0.8,8071.0,0.0034,296.6,51.85
2021-11-06,54.0,21.0,44.0,14.0,15.0,6.0,33.0,0.0,0.78,12168.0,0.0033,304.5,51.85
2021-11-07,31.0,9.0,37.0,5.0,1.0,10.0,16.0,2.0,0.77,0.0,0.0032,311.1,51.85
2021-11-08,45.0,10.0,43.0,10.0,12.0,8.0,31.0,0.0,0.75,0.0,0.0032,314.0,51.85
2021-11-09,43.0,7.0,40.0,7.0,10.0,9.0,22.0,1.0,0.72,7615.0,0.003,332.3,51.85
2021-11-10,47.0,7.0,36.0,8.0,9.0,7.0,19.0,0.0,0.72,7854.0,0.0025,392.3,51.85
2021-11-11,41.0,3.0,30.0,3.0,9.0,9.0,28.0,1.0,0.74,5920.0,0.0025,397.0,51.85
2021-11-12,46.0,6.0,32.0,6.0,9.0,8.0,35.0,0.0,0.76,6845.0,0.0024,409.8,51.85
2021-11-13,54.0,17.0,45.0,11.0,13.0,7.0,43.0,2.0,0.76,10350.0,0.0026,379.3,51.85
2021-11-14,30.0,7.0,35.0,5.0,2.0,11.0,11.0,0.0,0.71,13577.0,0.0027,368.6,51.85
2021-11-15,47.0,11.0,43.0,11.0,10.0,9.0,12.0,0.0,0.66,0.0,0.0027,375.4,51.85
2021-11-16,46.0,9.0,39.0,4.0,10.0,9.0,16.0,0.0,0.63,0.0,0.0024,413.7,51.85
2021-11-17,46.0,6.0,37.0,7.0,9.0,8.0,19.0,0.0,0.62,0.0,0.0023,436.9,51.85
2021-11-18,45.0,4.0,35.0,7.0,9.0,9.0,7.0,1.0,0.6,0.0,0.0018,541.1,51.85
2021-11-19,44.0,6.0,33.0,8.0,9.0,8.0,6.0,0.0,0.63,0.0,0.0014,720.9,51.85
2021-11-20,56.0,18.0,49.0,10.0,16.0,7.0,11.0,1.0,0.69,0.0,0.001,1018.1,51.85
2021-11-21,33.0,9.0,36.0,3.0,3.0,10.0,10.0,0.0,0.75,0.0,0.001,1006.9,51.85
2021-11-22,47.0,10.0,40.0,10.0,11.0,10.0,15.0,1.0,0.8,0.0,0.001,970.9,51.85
2021-11-23,50.0,9.0,39.0,6.0,10.0,9.0,23.0,0.0,0.84,7545.0,0.0012,851.2,51.85
2021-11-24,49.0,7.0,36.0,13.0,9.0,8.0,22.0,0.0,0.85,9207.0,0.0013,798.0,51.85
2021-11-25,42.0,4.0,31.0,9.0,7.0,11.0,26.0,0.0,0.86,12786.0,0.0015,673.9,51.85
2021-11-26,51.0,12.0,39.0,14.0,9.0,7.0,8.0,0.0,0.83,10341.0,0.0015,650.7,51.85
2021-11-27,59.0,26.0,59.0,18.0,13.0,8.0,14.0,1.0,0.84,12065.0,0.0016,637.7,51.85
2021-11-28,39.0,13.0,41.0,10.0,3.0,9.0,5.0,0.0,0.84,19776.0,0.0014,737.8,54.63
2021-11-29,48.0,14.0,45.0,12.0,10.0,9.0,14.0,0.0,0.86,20915.0,0.0012,827.1,54.63
2021-11-30,48.0,13.0,46.0,8.0,10.0,9.0,5.0,0.0,0.86,11792.0,0.001,1030.6,50.46
2021-12-01,49.0,10.0,46.0,11.0,8.0,8.0,13.0,1.0,0.93,8322.0,0.0009,1129.4,50.46
2021-12-02,52.0,14.0,41.0,15.0,10.0,9.0,19.0,0.0,1.0,8513.0,0.0009,1175.9,50.46
2021-12-03,56.0,12.0,43.0,13.0,10.0,8.0,10.0,0.0,1.07,8482.0,0.0009,1123.3,50.46
2021-12-04,60.0,25.0,52.0,18.0,18.0,6.0,13.0,0.0,1.16,14002.0,0.0009,1162.1,50.46
2021-12-05,39.0,14.0,38.0,9.0,4.0,10.0,10.0,0.0,1.26,22617.0,0.0009,1126.7,50.46
2021-12-06,50.0,13.0,46.0,12.0,13.0,10.0,15.0,0.0,1.38,23956.0,0.0009,1149.2,50.46
2021-12-07,48.0,12.0,45.0,7.0,14.0,9.0,20.0,0.0,1.5,11988.0,0.001,978.8,50.46
2021-12-08,53.0,13.0,45.0,10.0,16.0,8.0,15.0,1.0,1.64,8384.0,0.001,960.3,50.46
2021-12-09,51.0,12.0,41.0,9.0,14.0,8.0,53.0,0.0,1.84,9186.0,0.0014,725.1,50.46
2021-12-10,50.0,10.0,42.0,7.0,13.0,8.0,39.0,0.0,1.92,11477.0,0.0016,615.8,50.46
2021-12-11,61.0,22.0,53.0,9.0,21.0,7.0,28.0,0.0,2.0,14980.0,0.0018,569.9,50.46
2021-12-12,36.0,7.0,45.0,5.0,10.0,10.0,50.0,0.0,2.12,25719.0,0.0021,480.4,50.46
2021-12-13,48.0,16.0,44.0,10.0,16.0,10.0,0.0,0.0,2.23,22514.0,0.002,508.5,50.46
2021-12-14,50.0,13.0,49.0,6.0,14.0,9.0,129.0,0.0,2.48,24216.0,0.0027,370.9,50.46
2021-12-15,51.0,12.0,39.0,11.0,13.0,8.0,125.0,0.0,2.52,0.0,0.0038,266.5,50.46
2021-12-16,49.0,10.0,40.0,10.0,9.0,9.0,142.0,0.0,2.52,0.0,0.0047,211.9,50.46
2021-12-17,42.0,8.0,40.0,9.0,8.0,11.0,153.0,0.0,2.52,12246.0,0.0057,174.6,50.46
2021-12-18,54.0,22.0,63.0,16.0,18.0,8.0,230.0,0.0,2.53,19327.0,0.0073,137.3,50.46
2021-12-19,32.0,9.0,45.0,3.0,9.0,10.0,169.0,0.0,2.49,33530.0,0.0078,128.3,50.46
2021-12-20,42.0,14.0,42.0,8.0,5.0,12.0,307.0,1.0,2.48,32826.0,0.0095,105.2,50.46
2021-12-21,41.0,14.0,44.0,9.0,-1.0,14.0,343.0,0.0,2.43,17390.0,0.0117,85.2,50.46
2021-12-22,45.0,17.0,41.0,12.0,-2.0,12.0,465.0,0.0,2.39,11171.0,0.0138,72.6,50.46
2021-12-23,45.0,20.0,44.0,19.0,-4.0,13.0,473.0,0.0,2.34,14269.0,0.0152,65.8,50.46
2021-12-24,49.0,33.0,52.0,19.0,-9.0,12.0,629.0,0.0,2.32,17843.0,0.0179,55.9,50.46
2021-12-25,-1.0,-14.0,37.0,-15.0,-38.0,17.0,713.0,1.0,2.27,17813.0,0.0214,46.7,50.46
2021-12-26,17.0,3.0,43.0,-9.0,-11.0,15.0,515.0,1.0,2.21,18127.0,0.0266,37.6,50.46
2021-12-27,31.0,5.0,57.0,3.0,-42.0,22.0,962.0,1.0,2.18,14469.0,0.0369,27.1,50.46
2021-12-28,41.0,17.0,54.0,8.0,-13.0,15.0,998.0,0.0,2.11,19569.0,0.042,23.8,50.46
2021-12-29,42.0,14.0,53.0,11.0,-13.0,15.0,2083.0,1.0,2.05,17786.0,0.0532,18.8,50.46
2021-12-30,40.0,11.0,44.0,10.0,-14.0,17.0,1488.0,0.0,1.88,22797.0,0.0575,17.4,50.46
2021-12-31,34.0,19.0,46.0,12.0,-17.0,18.0,1228.0,1.0,1.72,24501.0,0.0591,16.9,50.46
2022-01-01,-2.0,-21.0,42.0,-19.0,-43.0,21.0,868.0,1.0,1.57,20718.0,0.059,16.9,50.46
2022-01-02,15.0,1.0,44.0,-8.0,-10.0,16.0,928.0,4.0,1.47,16504.0,0.0627,15.9,50.46
2022-01-03,26.0,5.0,59.0,4.0,-42.0,24.0,998.0,2.0,1.37,11075.0,0.0646,15.5,50.46
2022-01-04,40.0,13.0,55.0,12.0,-6.0,16.0,1477.0,0.0,1.28,13790.0,0.0713,14.0,50.46
2022-01-05,39.0,14.0,48.0,14.0,-4.0,15.0,1066.0,5.0,1.19,19074.0,0.0627,16.0,50.46
2022-01-06,35.0,10.0,40.0,13.0,-3.0,16.0,1219.0,5.0,1.12,22883.0,0.0606,16.5,50.46
2022-01-07,33.0,10.0,47.0,7.0,-1.0,18.0,1079.0,0.0,1.06,20485.0,0.0613,16.3,50.46
2022-01-08,42.0,24.0,53.0,13.0,21.0,13.0,953.0,6.0,1.0,20423.0,0.0621,16.1,50.46
2022-01-09,23.0,12.0,41.0,4.0,10.0,15.0,610.0,2.0,0.94,24992.0,0.0558,17.9,50.46
2022-01-10,40.0,17.0,52.0,15.0,5.0,14.0,758.0,9.0,0.87,20835.0,0.0503,19.9,48.15
2022-01-11,37.0,12.0,52.0,9.0,5.0,14.0,661.0,3.0,0.81,18755.0,0.043,23.2,48.15
2022-01-12,37.0,9.0,44.0,12.0,7.0,13.0,763.0,4.0,0.77,22262.0,0.0401,24.9,48.15
2022-01-13,31.0,4.0,36.0,9.0,7.0,16.0,720.0,4.0,0.74,19984.0,0.0375,26.6,48.15
2022-01-14,27.0,0.0,43.0,4.0,8.0,16.0,533.0,4.0,0.71,17669.0,0.0345,29.0,48.15
2022-01-15,40.0,18.0,55.0,10.0,25.0,15.0,383.0,4.0,0.7,15560.0,0.0316,31.6,48.15
2022-01-16,19.0,5.0,41.0,4.0,10.0,17.0,364.0,5.0,0.69,19980.0,0.031,32.3,48.15
2022-01-17,39.0,10.0,46.0,12.0,12.0,16.0,402.0,3.0,0.67,17143.0,0.0291,34.3,48.15
2022-01-18,25.0,-1.0,49.0,-1.0,10.0,16.0,565.0,2.0,0.65,12593.0,0.0298,33.6,48.15
2022-01-19,38.0,5.0,44.0,4.0,12.0,16.0,552.0,4.0,0.63,15854.0,0.0296,33.8,48.15
2022-01-20,34.0,4.0,38.0,5.0,12.0,18.0,542.0,5.0,0.6,12585.0,0.03,33.3,48.15
2022-01-21,34.0,4.0,47.0,3.0,14.0,18.0,428.0,6.0,0.57,14309.0,0.03,33.4,48.15
2022-01-22,41.0,18.0,53.0,10.0,26.0,16.0,247.0,4.0,0.53,15432.0,0.0287,34.8,48.15
2022-01-23,19.0,2.0,39.0,-4.0,9.0,21.0,107.0,0.0,0.49,15414.0,0.0275,36.3,48.15
2022-01-24,36.0,9.0,49.0,4.0,15.0,17.0,196.0,1.0,0.44,9309.0,0.0276,36.2,48.15
2022-01-25,41.0,9.0,50.0,3.0,14.0,16.0,173.0,0.0,0.39,9202.0,0.0244,41.0,48.15
2022-01-26,39.0,7.0,45.0,7.0,12.0,14.0,131.0,1.0,0.35,13158.0,0.0204,49.0,48.15
2022-01-27,41.0,7.0,40.0,9.0,14.0,15.0,120.0,2.0,0.33,12773.0,0.0156,63.9,48.15
2022-01-28,44.0,10.0,46.0,9.0,16.0,14.0,79.0,2.0,0.32,25520.0,0.0104,95.7,48.15
2022-01-29,52.0,24.0,57.0,15.0,27.0,13.0,94.0,0.0,0.32,0.0,0.0097,103.1,48.15
2022-01-30,28.0,12.0,46.0,4.0,11.0,17.0,39.0,0.0,0.31,0.0,0.0098,101.8,48.15
2022-01-31,37.0,8.0,45.0,4.0,16.0,17.0,50.0,2.0,0.29,12406.0,0.0078,128.0,48.15
2022-02-01,34.0,6.0,52.0,-1.0,-33.0,27.0,42.0,4.0,0.26,9234.0,0.0063,158.3,50.93
2022-02-02,41.0,10.0,44.0,7.0,18.0,14.0,38.0,0.0,0.26,10439.0,0.0054,184.3,50.93
2022-02-03,43.0,12.0,43.0,11.0,17.0,15.0,68.0,0.0,0.27,7379.0,0.0051,194.5,50.93
2022-02-04,41.0,9.0,48.0,9.0,18.0,15.0,45.0,1.0,0.28,10048.0,0.0059,170.9,50.93
2022-02-05,52.0,20.0,61.0,18.0,27.0,14.0,41.0,1.0,0.3,10099.0,0.0048,207.4,50.93
2022-02-06,27.0,9.0,41.0,6.0,9.0,18.0,16.0,0.0,0.3,15270.0,0.004,249.6,50.93
2022-02-07,42.0,14.0,53.0,8.0,17.0,16.0,16.0,1.0,0.29,12954.0,0.0035,283.6,50.93
2022-02-08,43.0,13.0,52.0,5.0,16.0,14.0,20.0,0.0,0.28,9235.0,0.0032,309.1,50.93
2022-02-09,45.0,11.0,49.0,9.0,17.0,13.0,33.0,2.0,0.29,11264.0,0.0031,319.0,50.93
2022-02-10,42.0,8.0,43.0,9.0,16.0,15.0,24.0,0.0,0.31,10332.0,0.0025,406.2,50.93
2022-02-11,44.0,12.0,49.0,12.0,18.0,14.0,44.0,0.0,0.33,11651.0,0.0024,416.5,50.93
2022-02-12,57.0,25.0,66.0,17.0,27.0,13.0,17.0,1.0,0.34,11082.0,0.0021,481.1,50.93
2022-02-13,32.0,14.0,50.0,10.0,11.0,17.0,3.0,0.0,0.34,17829.0,0.0019,537.3,50.93
2022-02-14,58.0,22.0,61.0,14.0,20.0,13.0,13.0,2.0,0.34,12262.0,0.0018,543.2,50.93
2022-02-15,40.0,11.0,53.0,8.0,19.0,15.0,15.0,0.0,0.33,9707.0,0.0018,564.6,45.37
2022-02-16,38.0,6.0,48.0,5.0,16.0,16.0,11.0,0.0,0.35,11182.0,0.0015,661.7,45.37
2022-02-17,42.0,10.0,46.0,10.0,18.0,14.0,8.0,2.0,0.38,9935.0,0.0013,753.6,45.37
2022-02-18,46.0,12.0,64.0,11.0,20.0,13.0,14.0,0.0,0.43,10530.0,0.001,1018.9,45.37
2022-02-19,55.0,23.0,79.0,17.0,30.0,14.0,10.0,1.0,0.49,10367.0,0.0009,1105.6,45.37
2022-02-20,15.0,-2.0,48.0,-3.0,4.0,22.0,3.0,1.0,0.54,14123.0,0.0009,1055.5,45.37
2022-02-21,53.0,18.0,80.0,16.0,22.0,15.0,6.0,0.0,0.61,16730.0,0.0008,1232.5,45.37
2022-02-22,50.0,17.0,96.0,11.0,22.0,14.0,41.0,1.0,0.69,9016.0,0.0011,880.5,45.37
2022-02-23,49.0,13.0,102.0,14.0,20.0,16.0,17.0,0.0,0.69,11153.0,0.0012,826.8,45.37
2022-02-24,45.0,10.0,98.0,14.0,21.0,17.0,32.0,0.0,0.7,10702.0,0.0015,671.7,45.37
2022-02-25,61.0,21.0,117.0,26.0,23.0,15.0,15.0,0.0,0.68,12912.0,0.0015,685.5,45.37
2022-02-26,68.0,25.0,125.0,24.0,27.0,15.0,2.0,0.0,0.66,14527.0,0.0013,768.7,45.37
2022-02-27,50.0,28.0,111.0,26.0,23.0,16.0,4.0,0.0,0.66,18837.0,0.0012,802.4,45.37
2022-02-28,53.0,23.0,135.0,22.0,26.0,16.0,13.0,0.0,0.68,18213.0,0.0013,769.1,45.37
2022-03-01,56.0,21.0,136.0,15.0,25.0,15.0,14.0,0.0,0.69,12861.0,0.001,1022.7,45.37
2022-03-02,49.0,15.0,131.0,14.0,24.0,17.0,17.0,0.0,0.7,21820.0,0.0009,1132.7,45.37
2022-03-03,64.0,25.0,167.0,28.0,28.0,14.0,10.0,1.0,0.0,0.0,0.0007,1389.2,45.37
